{"type":"FeatureCollection","features":[{"type":"Feature","properties":{"tipo":"regiao"},"geometry":{"type":"MultiPolygon","coordinates":[[[[-8.1791,40.0897],[-8.1788,40.0897],[-8.163,40.0832],[-8.1619,40.0816],[-8.1619,40.08],[-8.1609,40.0787],[-8.1575,40.0777],[-8.1567,40.0771],[-8.1517,40.0738],[-8.1507,40.0734],[-8.1469,40.0735],[-8.1437,40.0728],[-8.1438,40.0711],[-8.1445,40.0686],[-8.1431,40.0676],[-8.1437,40.066],[-8.1426,40.0653],[-8.1434,40.0643],[-8.143,40.0636],[-8.1436,40.0625],[-8.1447,40.0617],[-8.1478,40.0574],[-8.1472,40.056],[-8.148,40.0557],[-8.1481,40.0535],[-8.1496,40.0524],[-8.1493,40.0513],[-8.1485,40.0508],[-8.1496,40.049],[-8.15,40.046],[-8.1511,40.045],[-8.1528,40.0405],[-8.1534,40.0404],[-8.1532,40.0389],[-8.1523,40.0376],[-8.1532,40.0365],[-8.1521,40.0333],[-8.1539,40.0322],[-8.1541,40.0315],[-8.1568,40.0274],[-8.1556,40.0267],[-8.1559,40.0249],[-8.1551,40.0236],[-8.156,40.0221],[-8.1542,40.0215],[-8.1553,40.0203],[-8.1545,40.0194],[-8.1513,40.0186],[-8.151,40.0168],[-8.1501,40.0162],[-8.149,40.0171],[-8.148,40.016],[-8.1456,40.0148],[-8.1439,40.0133],[-8.1435,40.0113],[-8.1425,40.0111],[-8.1429,40.01],[-8.1419,40.0102],[-8.1411,40.0093],[-8.1402,40.0066],[-8.141,40.0057],[-8.1412,40.0039],[-8.1394,40.0031],[-8.1379,40.0033],[-8.1384,40.0018],[-8.138,40.0012],[-8.1391,40.0007],[-8.1392,39.9993],[-8.1372,39.9997],[-8.1364,39.9993],[-8.1362,39.9982],[-8.1374,39.9976],[-8.1374,39.9965],[-8.1359,39.9962],[-8.1343,39.9971],[-8.1331,39.9953],[-8.132,39.995],[-8.1324,39.9929],[-8.1318,39.9925],[-8.1295,39.9925],[-8.1265,39.9908],[-8.1254,39.9895],[-8.1254,39.9877],[-8.126,39.9857],[-8.1235,39.9853],[-8.1223,39.9857],[-8.1204,39.9854],[-8.1208,39.9864],[-8.1196,39.9867],[-8.119,39.9839],[-8.1213,39.9845],[-8.1213,39.9836],[-8.12,39.9829],[-8.1202,39.9818],[-8.1184,39.9821],[-8.1182,39.9814],[-8.1169,39.9818],[-8.1164,39.9799],[-8.1153,39.9787],[-8.1159,39.9774],[-8.1151,39.9766],[-8.1121,39.9755],[-8.1119,39.9748],[-8.1124,39.973],[-8.1109,39.9725],[-8.11,39.9715],[-8.11,39.9707],[-8.1108,39.9685],[-8.1121,39.967],[-8.1111,39.9656],[-8.1083,39.9632],[-8.1081,39.9621],[-8.1102,39.9596],[-8.1107,39.957],[-8.1129,39.954],[-8.1157,39.9532],[-8.1204,39.9524],[-8.1211,39.9519],[-8.1236,39.9486],[-8.123,39.9461],[-8.1235,39.9446],[-8.1267,39.9429],[-8.1318,39.9407],[-8.1326,39.9399],[-8.1327,39.9376],[-8.1318,39.9364],[-8.1305,39.9358],[-8.1269,39.9349],[-8.1247,39.9332],[-8.123,39.9329],[-8.1187,39.9341],[-8.1203,39.9375],[-8.1208,39.9392],[-8.1208,39.9412],[-8.1201,39.9436],[-8.1178,39.9465],[-8.1155,39.9484],[-8.1143,39.9487],[-8.1129,39.9484],[-8.1083,39.9457],[-8.1016,39.9421],[-8.099,39.9412],[-8.0916,39.9413],[-8.0899,39.9415],[-8.0878,39.9425],[-8.0864,39.9437],[-8.0847,39.9455],[-8.0825,39.9471],[-8.0825,39.9488],[-8.0875,39.9531],[-8.0882,39.9549],[-8.0881,39.9573],[-8.0871,39.961],[-8.087,39.9636],[-8.0865,39.9651],[-8.0852,39.9654],[-8.0834,39.9649],[-8.082,39.9636],[-8.0789,39.9615],[-8.0787,39.9601],[-8.0796,39.9584],[-8.0791,39.9573],[-8.0778,39.957],[-8.0735,39.9569],[-8.0701,39.956],[-8.0671,39.9548],[-8.0646,39.9547],[-8.0618,39.9559],[-8.0607,39.9601],[-8.0597,39.9626],[-8.058,39.9649],[-8.0582,39.9668],[-8.0578,39.9687],[-8.0558,39.9696],[-8.0521,39.9663],[-8.0505,39.9644],[-8.0487,39.9632],[-8.0464,39.9633],[-8.0434,39.9639],[-8.0388,39.9636],[-8.0367,39.9627],[-8.0353,39.961],[-8.0337,39.9604],[-8.031,39.9622],[-8.0299,39.9639],[-8.0299,39.9653],[-8.033,39.9684],[-8.0341,39.9703],[-8.0365,39.9759],[-8.0365,39.9769],[-8.0351,39.9795],[-8.0324,39.984],[-8.0315,39.9846],[-8.0306,39.9844],[-8.0291,39.9833],[-8.029,39.9806],[-8.0282,39.9785],[-8.0263,39.9776],[-8.024,39.9751],[-8.0192,39.9725],[-8.0178,39.9713],[-8.0163,39.9713],[-8.0143,39.9732],[-8.0119,39.974],[-8.0099,39.9736],[-8.0069,39.9721],[-8.0054,39.9722],[-8.0052,39.9732],[-8.0063,39.9758],[-8.0074,39.9792],[-8.0086,39.9808],[-8.012,39.9824],[-8.0141,39.9846],[-8.015,39.9866],[-8.0153,39.9883],[-8.0139,39.9893],[-8.0114,39.9892],[-8.009,39.9885],[-8.0073,39.9876],[-8.0037,39.985],[-8.0022,39.9837],[-7.9993,39.9791],[-7.9975,39.9781],[-7.9909,39.9781],[-7.99,39.9793],[-7.9918,39.9823],[-7.9927,39.9852],[-7.9923,39.9866],[-7.991,39.9879],[-7.989,39.989],[-7.986,39.9896],[-7.9836,39.9897],[-7.9773,39.9891],[-7.974,39.9879],[-7.9717,39.986],[-7.9708,39.9845],[-7.9701,39.9823],[-7.9695,39.9811],[-7.9678,39.9795],[-7.9641,39.9772],[-7.962,39.9779],[-7.9632,39.9807],[-7.9637,39.9832],[-7.9634,39.9856],[-7.9623,39.9868],[-7.9596,39.9886],[-7.9589,39.9907],[-7.9552,39.9917],[-7.954,39.9936],[-7.9536,39.9952],[-7.9529,40.0003],[-7.9534,40.0017],[-7.9529,40.0024],[-7.9512,40.0024],[-7.9487,40.0015],[-7.9439,40.0006],[-7.9413,39.9999],[-7.9388,40.0003],[-7.9363,40.0018],[-7.9347,40.002],[-7.9334,40.0017],[-7.9277,39.9997],[-7.9235,39.9989],[-7.9202,39.9985],[-7.9183,39.9987],[-7.9144,40.0007],[-7.9138,40.002],[-7.9158,40.0055],[-7.9158,40.0067],[-7.9147,40.0074],[-7.9132,40.0071],[-7.91,40.0044],[-7.9069,40.0034],[-7.902,40.0029],[-7.9023,40.0045],[-7.9018,40.0051],[-7.9024,40.0066],[-7.9047,40.0075],[-7.9061,40.0088],[-7.9056,40.0098],[-7.9059,40.012],[-7.9067,40.012],[-7.907,40.0129],[-7.9065,40.0137],[-7.9075,40.0143],[-7.9071,40.0149],[-7.9083,40.0152],[-7.9078,40.0174],[-7.9085,40.018],[-7.9083,40.02],[-7.9091,40.0216],[-7.9105,40.0226],[-7.9092,40.0241],[-7.9086,40.0254],[-7.91,40.0263],[-7.9128,40.0261],[-7.9138,40.0276],[-7.9145,40.0301],[-7.9159,40.0328],[-7.9147,40.0342],[-7.9107,40.0365],[-7.907,40.0394],[-7.9044,40.0417],[-7.9029,40.0426],[-7.9,40.0434],[-7.898,40.043],[-7.8956,40.0417],[-7.8931,40.0413],[-7.892,40.0414],[-7.8891,40.0432],[-7.8857,40.0452],[-7.8831,40.0461],[-7.8804,40.0461],[-7.8793,40.0465],[-7.8751,40.0491],[-7.8729,40.0497],[-7.8717,40.0497],[-7.8703,40.0503],[-7.8677,40.053],[-7.8663,40.0535],[-7.8646,40.0551],[-7.8642,40.0581],[-7.8611,40.059],[-7.8558,40.0591],[-7.8546,40.0587],[-7.8496,40.0548],[-7.8483,40.054],[-7.8462,40.0537],[-7.8443,40.0528],[-7.8428,40.0531],[-7.8388,40.0517],[-7.8375,40.051],[-7.8347,40.051],[-7.8322,40.0504],[-7.8251,40.0507],[-7.822,40.0476],[-7.8207,40.0461],[-7.8169,40.0426],[-7.8153,40.0407],[-7.8125,40.0382],[-7.8083,40.0357],[-7.8073,40.0372],[-7.8085,40.0402],[-7.8082,40.0409],[-7.8042,40.0429],[-7.8013,40.045],[-7.8009,40.0481],[-7.8017,40.0485],[-7.8044,40.0484],[-7.8057,40.0471],[-7.8077,40.0472],[-7.8087,40.0479],[-7.8096,40.0504],[-7.8091,40.0523],[-7.8077,40.0546],[-7.8058,40.0567],[-7.804,40.0576],[-7.8003,40.0581],[-7.7996,40.0598],[-7.8004,40.0614],[-7.8034,40.0634],[-7.8057,40.0657],[-7.8068,40.0677],[-7.8068,40.0686],[-7.8058,40.0716],[-7.803,40.0735],[-7.7997,40.0749],[-7.7966,40.0765],[-7.7971,40.078],[-7.7989,40.0786],[-7.7999,40.0785],[-7.8044,40.0757],[-7.809,40.0743],[-7.8106,40.0736],[-7.8121,40.0735],[-7.8144,40.0739],[-7.8161,40.0747],[-7.8169,40.0756],[-7.8172,40.0769],[-7.8151,40.0783],[-7.8125,40.0774],[-7.8107,40.0773],[-7.8081,40.078],[-7.8065,40.0787],[-7.8042,40.0811],[-7.8005,40.0838],[-7.8013,40.0867],[-7.8004,40.0876],[-7.7983,40.0879],[-7.7958,40.0873],[-7.7933,40.0859],[-7.7923,40.0857],[-7.7885,40.0862],[-7.7871,40.0859],[-7.7869,40.0853],[-7.7883,40.0841],[-7.791,40.0834],[-7.7915,40.0828],[-7.7915,40.0812],[-7.79,40.0791],[-7.7879,40.0771],[-7.7869,40.0756],[-7.7855,40.0723],[-7.784,40.0709],[-7.78,40.069],[-7.7782,40.0673],[-7.7773,40.0652],[-7.7765,40.0644],[-7.7749,40.0639],[-7.7733,40.064],[-7.7725,40.0649],[-7.7727,40.0661],[-7.7759,40.068],[-7.7764,40.0686],[-7.7759,40.0702],[-7.7726,40.0732],[-7.7716,40.0743],[-7.7695,40.0753],[-7.7662,40.0754],[-7.7635,40.0767],[-7.7604,40.0797],[-7.7574,40.0838],[-7.7555,40.085],[-7.754,40.0864],[-7.7521,40.0874],[-7.7499,40.0876],[-7.7484,40.0882],[-7.7465,40.0897],[-7.7442,40.0909],[-7.7428,40.0924],[-7.7416,40.0956],[-7.7425,40.0971],[-7.745,40.0979],[-7.7481,40.0974],[-7.7509,40.0976],[-7.7515,40.0982],[-7.7517,40.0999],[-7.75,40.1009],[-7.7473,40.1016],[-7.7439,40.1018],[-7.7402,40.1041],[-7.7376,40.1043],[-7.7358,40.1035],[-7.7334,40.1039],[-7.7323,40.1048],[-7.7318,40.106],[-7.7336,40.1071],[-7.7341,40.1081],[-7.7344,40.1103],[-7.735,40.1116],[-7.7345,40.1187],[-7.7346,40.12],[-7.7358,40.1222],[-7.7361,40.124],[-7.7402,40.1267],[-7.741,40.1266],[-7.7435,40.1274],[-7.7461,40.1287],[-7.7477,40.1302],[-7.7502,40.1304],[-7.7524,40.1317],[-7.7547,40.1323],[-7.7557,40.1333],[-7.7565,40.135],[-7.7589,40.1358],[-7.7598,40.1367],[-7.7628,40.138],[-7.7645,40.1394],[-7.7688,40.1414],[-7.7739,40.145],[-7.7744,40.1459],[-7.7741,40.1486],[-7.7745,40.1501],[-7.7741,40.1526],[-7.7736,40.1533],[-7.7739,40.1552],[-7.7761,40.1576],[-7.7811,40.1589],[-7.7864,40.1593],[-7.7887,40.1583],[-7.7907,40.1582],[-7.7943,40.1595],[-7.7983,40.1629],[-7.801,40.1666],[-7.8016,40.1686],[-7.8016,40.1703],[-7.8008,40.1759],[-7.8031,40.1785],[-7.8076,40.1817],[-7.809,40.1818],[-7.8077,40.183],[-7.807,40.1851],[-7.8042,40.1877],[-7.802,40.1904],[-7.7997,40.1958],[-7.7977,40.198],[-7.7963,40.2001],[-7.7957,40.2016],[-7.793,40.2035],[-7.789,40.2054],[-7.7843,40.2082],[-7.7839,40.2157],[-7.784,40.2203],[-7.783,40.225],[-7.7824,40.2293],[-7.7825,40.2305],[-7.7838,40.2337],[-7.7855,40.2366],[-7.7887,40.2407],[-7.7952,40.2468],[-7.7971,40.2484],[-7.8011,40.2525],[-7.8038,40.2563],[-7.807,40.2568],[-7.8097,40.2558],[-7.8111,40.2557],[-7.818,40.256],[-7.8216,40.2567],[-7.8241,40.2588],[-7.8245,40.2613],[-7.8259,40.2651],[-7.8255,40.2663],[-7.8238,40.2676],[-7.8206,40.268],[-7.8183,40.2694],[-7.8169,40.2717],[-7.8167,40.2754],[-7.8174,40.2803],[-7.8182,40.2822],[-7.815,40.2833],[-7.8134,40.2842],[-7.8109,40.2873],[-7.8083,40.2921],[-7.8071,40.295],[-7.8069,40.2982],[-7.8077,40.2991],[-7.8062,40.3005],[-7.8059,40.3032],[-7.8064,40.304],[-7.8046,40.3063],[-7.8044,40.3076],[-7.8013,40.3094],[-7.7973,40.3085],[-7.7932,40.309],[-7.7926,40.3107],[-7.7911,40.3128],[-7.7895,40.314],[-7.788,40.3144],[-7.7804,40.3181],[-7.7789,40.3185],[-7.7776,40.3179],[-7.7764,40.3167],[-7.7747,40.3159],[-7.7721,40.3154],[-7.7693,40.3156],[-7.7651,40.3166],[-7.7618,40.3247],[-7.761,40.3289],[-7.7582,40.3318],[-7.7592,40.3348],[-7.7602,40.3359],[-7.7618,40.336],[-7.7631,40.3366],[-7.7668,40.3364],[-7.7699,40.3356],[-7.7705,40.3365],[-7.7706,40.3383],[-7.772,40.3392],[-7.7745,40.3385],[-7.7776,40.3358],[-7.7797,40.3372],[-7.7818,40.3379],[-7.784,40.34],[-7.7858,40.3453],[-7.7874,40.346],[-7.8051,40.3493],[-7.8046,40.3577],[-7.8038,40.3583],[-7.8006,40.3596],[-7.7973,40.3616],[-7.7964,40.3644],[-7.797,40.3663],[-7.7996,40.3692],[-7.7992,40.3704],[-7.7965,40.3725],[-7.7959,40.3736],[-7.7968,40.3755],[-7.7966,40.3777],[-7.7972,40.3798],[-7.7984,40.381],[-7.7982,40.3827],[-7.7988,40.3887],[-7.7974,40.3947],[-7.7974,40.3964],[-7.7982,40.4008],[-7.7972,40.405],[-7.8004,40.4059],[-7.8091,40.4058],[-7.8269,40.4032],[-7.834,40.4085],[-7.8451,40.4141],[-7.8455,40.424],[-7.8492,40.4275],[-7.8482,40.4289],[-7.8453,40.4305],[-7.8429,40.4324],[-7.8426,40.4333],[-7.8403,40.4336],[-7.837,40.4351],[-7.8357,40.435],[-7.8337,40.4364],[-7.8321,40.4367],[-7.8311,40.4376],[-7.8291,40.4385],[-7.8273,40.4399],[-7.8256,40.4406],[-7.8241,40.4402],[-7.82,40.4414],[-7.8197,40.4412],[-7.8173,40.4413],[-7.815,40.4404],[-7.8143,40.4397],[-7.8108,40.4394],[-7.8042,40.4478],[-7.7992,40.4542],[-7.7969,40.4574],[-7.7987,40.4586],[-7.8042,40.4635],[-7.8134,40.4694],[-7.818,40.4757],[-7.8273,40.4818],[-7.8281,40.4864],[-7.8289,40.4943],[-7.8283,40.4985],[-7.8301,40.4986],[-7.8317,40.4981],[-7.8358,40.4962],[-7.8394,40.4935],[-7.8427,40.4929],[-7.8451,40.4936],[-7.8449,40.4948],[-7.846,40.4956],[-7.8468,40.4956],[-7.8489,40.4938],[-7.85,40.4932],[-7.8518,40.4907],[-7.8526,40.4907],[-7.8566,40.4896],[-7.8591,40.4876],[-7.8606,40.4878],[-7.8618,40.4873],[-7.8642,40.4853],[-7.865,40.4831],[-7.8667,40.4798],[-7.8682,40.4789],[-7.8695,40.4787],[-7.872,40.4792],[-7.8738,40.4782],[-7.8781,40.4766],[-7.8804,40.4751],[-7.8804,40.4741],[-7.8819,40.4729],[-7.8842,40.4731],[-7.8864,40.4706],[-7.8884,40.469],[-7.8914,40.465],[-7.8934,40.4628],[-7.8949,40.4618],[-7.8975,40.462],[-7.8995,40.4616],[-7.9016,40.4601],[-7.9024,40.4588],[-7.9039,40.4574],[-7.9031,40.4559],[-7.9049,40.4528],[-7.9087,40.4516],[-7.9118,40.4501],[-7.9152,40.4482],[-7.9175,40.4466],[-7.9175,40.4455],[-7.9188,40.4437],[-7.9177,40.4413],[-7.9179,40.4408],[-7.9206,40.4403],[-7.922,40.439],[-7.9236,40.4362],[-7.9245,40.4353],[-7.9271,40.4346],[-7.9287,40.4331],[-7.9292,40.4309],[-7.9306,40.4291],[-7.9329,40.4282],[-7.936,40.4285],[-7.9373,40.4277],[-7.9372,40.4262],[-7.9383,40.425],[-7.9408,40.4247],[-7.9424,40.425],[-7.944,40.4244],[-7.9463,40.4229],[-7.9475,40.4227],[-7.9503,40.423],[-7.9511,40.4228],[-7.9538,40.424],[-7.9558,40.4234],[-7.9567,40.4226],[-7.958,40.4202],[-7.9617,40.4181],[-7.963,40.4169],[-7.9641,40.4147],[-7.9663,40.4131],[-7.9691,40.4116],[-7.9705,40.4102],[-7.9718,40.4076],[-7.973,40.4059],[-7.9743,40.405],[-7.9779,40.4041],[-7.98,40.4027],[-7.9822,40.4024],[-7.985,40.403],[-7.9897,40.4009],[-7.9919,40.3978],[-7.9939,40.3969],[-7.997,40.3967],[-8.0009,40.3956],[-8.0016,40.3949],[-8.0017,40.3933],[-8.0037,40.3916],[-8.0088,40.3898],[-8.0107,40.3895],[-8.0143,40.3894],[-8.0255,40.3871],[-8.0314,40.3866],[-8.0358,40.3867],[-8.0395,40.3866],[-8.0436,40.3849],[-8.0445,40.3836],[-8.0447,40.3821],[-8.0471,40.3795],[-8.0497,40.3772],[-8.051,40.3756],[-8.0546,40.3743],[-8.0554,40.373],[-8.057,40.372],[-8.0597,40.3721],[-8.0629,40.373],[-8.0645,40.3742],[-8.0659,40.3742],[-8.0686,40.3729],[-8.0699,40.3713],[-8.0706,40.3678],[-8.0724,40.3663],[-8.0737,40.3642],[-8.0747,40.3634],[-8.0771,40.3626],[-8.0782,40.3616],[-8.0803,40.3607],[-8.0813,40.3608],[-8.0826,40.3618],[-8.0849,40.3613],[-8.088,40.3611],[-8.0908,40.3595],[-8.0921,40.3582],[-8.0949,40.3562],[-8.0969,40.3556],[-8.1,40.3531],[-8.1031,40.3499],[-8.1056,40.3481],[-8.113,40.3414],[-8.1165,40.3391],[-8.1191,40.3385],[-8.1218,40.3388],[-8.124,40.3398],[-8.1271,40.3418],[-8.1304,40.3433],[-8.132,40.3432],[-8.133,40.3426],[-8.134,40.3404],[-8.1322,40.3355],[-8.1328,40.334],[-8.1342,40.3331],[-8.1352,40.3333],[-8.1365,40.3345],[-8.1367,40.3363],[-8.1383,40.3377],[-8.1404,40.3383],[-8.1453,40.3384],[-8.1482,40.3382],[-8.152,40.3375],[-8.1556,40.3379],[-8.1586,40.339],[-8.1618,40.3412],[-8.1634,40.3416],[-8.1657,40.3417],[-8.1678,40.3426],[-8.1704,40.345],[-8.1713,40.345],[-8.1721,40.3441],[-8.1741,40.3406],[-8.1767,40.3371],[-8.1785,40.3357],[-8.1812,40.3344],[-8.1839,40.3336],[-8.1858,40.3338],[-8.1868,40.3358],[-8.1868,40.3384],[-8.1832,40.3387],[-8.1814,40.3395],[-8.1803,40.3417],[-8.1805,40.3439],[-8.1817,40.3464],[-8.1816,40.3478],[-8.1804,40.349],[-8.1772,40.3496],[-8.175,40.351],[-8.175,40.3526],[-8.1756,40.3548],[-8.1745,40.3566],[-8.1742,40.3583],[-8.1747,40.3599],[-8.1745,40.3626],[-8.1736,40.3638],[-8.1724,40.3642],[-8.1684,40.3645],[-8.1675,40.3648],[-8.1652,40.3674],[-8.1655,40.3686],[-8.1666,40.3689],[-8.1687,40.368],[-8.1701,40.3681],[-8.1733,40.37],[-8.1722,40.3713],[-8.1739,40.3723],[-8.1757,40.3743],[-8.1785,40.3753],[-8.1787,40.3764],[-8.1778,40.3773],[-8.1776,40.3806],[-8.1757,40.3824],[-8.173,40.3822],[-8.1718,40.3835],[-8.1721,40.3843],[-8.1744,40.3851],[-8.1736,40.3866],[-8.1708,40.387],[-8.168,40.3866],[-8.1648,40.3903],[-8.1631,40.3914],[-8.1629,40.3932],[-8.1651,40.3954],[-8.1645,40.3969],[-8.1623,40.3976],[-8.1614,40.3982],[-8.1615,40.3991],[-8.1603,40.4014],[-8.1601,40.4029],[-8.1609,40.4035],[-8.1638,40.4029],[-8.1668,40.4028],[-8.1679,40.4048],[-8.1667,40.4064],[-8.162,40.4085],[-8.1615,40.4089],[-8.1623,40.4099],[-8.1645,40.4107],[-8.1648,40.413],[-8.1685,40.4163],[-8.1686,40.418],[-8.1674,40.4182],[-8.1665,40.4177],[-8.1653,40.4182],[-8.166,40.4217],[-8.1659,40.4256],[-8.1664,40.4268],[-8.1662,40.4278],[-8.1641,40.4295],[-8.1634,40.4303],[-8.1629,40.4321],[-8.1619,40.4337],[-8.1617,40.4354],[-8.1622,40.4361],[-8.1618,40.4372],[-8.1593,40.4385],[-8.1592,40.4396],[-8.1597,40.4405],[-8.1606,40.4436],[-8.1598,40.445],[-8.1576,40.4467],[-8.158,40.449],[-8.1598,40.449],[-8.1607,40.4498],[-8.1616,40.4481],[-8.1647,40.4504],[-8.1645,40.4514],[-8.1653,40.4551],[-8.1669,40.4583],[-8.1676,40.4604],[-8.1666,40.4614],[-8.1668,40.4622],[-8.1696,40.4648],[-8.1692,40.4662],[-8.1698,40.4683],[-8.1733,40.4705],[-8.1744,40.4702],[-8.1758,40.471],[-8.1779,40.4706],[-8.1785,40.4716],[-8.1792,40.4709],[-8.1816,40.4713],[-8.1824,40.4707],[-8.1848,40.4712],[-8.1866,40.473],[-8.1873,40.4727],[-8.1914,40.4724],[-8.1922,40.4741],[-8.1934,40.4745],[-8.1959,40.4765],[-8.1964,40.4779],[-8.1977,40.4781],[-8.1989,40.4774],[-8.2009,40.4798],[-8.1996,40.4819],[-8.1988,40.4823],[-8.1989,40.4843],[-8.2006,40.4872],[-8.202,40.4887],[-8.2019,40.4895],[-8.2038,40.4917],[-8.2039,40.4946],[-8.2056,40.4976],[-8.2074,40.4997],[-8.2075,40.5007],[-8.2084,40.5017],[-8.2082,40.5027],[-8.2103,40.5036],[-8.2109,40.5044],[-8.2127,40.505],[-8.212,40.5066],[-8.2133,40.5069],[-8.2122,40.5077],[-8.2129,40.5094],[-8.2147,40.5083],[-8.216,40.5084],[-8.2153,40.5098],[-8.216,40.5106],[-8.2168,40.51],[-8.2188,40.5111],[-8.2202,40.5143],[-8.223,40.5146],[-8.2261,40.5162],[-8.2312,40.5166],[-8.2317,40.517],[-8.2368,40.5163],[-8.2406,40.5154],[-8.2429,40.5138],[-8.2475,40.5141],[-8.2507,40.5149],[-8.25,40.5142],[-8.2505,40.5132],[-8.2501,40.5112],[-8.2523,40.5109],[-8.2533,40.5099],[-8.2538,40.5086],[-8.2565,40.5074],[-8.2599,40.5071],[-8.2607,40.5066],[-8.2629,40.5041],[-8.2639,40.5035],[-8.266,40.5035],[-8.2667,40.5044],[-8.2685,40.5055],[-8.272,40.5067],[-8.2741,40.5079],[-8.2772,40.5079],[-8.2828,40.5092],[-8.2862,40.5076],[-8.2868,40.507],[-8.289,40.5069],[-8.2903,40.5055],[-8.2941,40.5028],[-8.2954,40.5014],[-8.2975,40.5009],[-8.2994,40.4991],[-8.3034,40.4988],[-8.3051,40.4977],[-8.3113,40.4959],[-8.3133,40.4956],[-8.314,40.4949],[-8.3171,40.4941],[-8.3203,40.4936],[-8.3219,40.4929],[-8.3235,40.4927],[-8.325,40.4918],[-8.328,40.4922],[-8.3293,40.4933],[-8.3303,40.493],[-8.331,40.4911],[-8.3313,40.4893],[-8.3335,40.4879],[-8.3336,40.4871],[-8.3355,40.4858],[-8.3337,40.4852],[-8.3347,40.4828],[-8.3327,40.4819],[-8.3358,40.4809],[-8.335,40.4799],[-8.3344,40.4773],[-8.3349,40.4755],[-8.3319,40.4716],[-8.3308,40.4709],[-8.329,40.4705],[-8.3282,40.4694],[-8.3287,40.4686],[-8.3281,40.4673],[-8.3232,40.4637],[-8.3214,40.46],[-8.319,40.4574],[-8.3181,40.4543],[-8.3184,40.4519],[-8.3199,40.4505],[-8.3199,40.4477],[-8.3192,40.4447],[-8.3176,40.4412],[-8.3194,40.4398],[-8.3209,40.4394],[-8.3242,40.4401],[-8.3271,40.4398],[-8.329,40.4382],[-8.3318,40.4372],[-8.3317,40.4365],[-8.335,40.4341],[-8.336,40.4323],[-8.3376,40.4299],[-8.3401,40.4291],[-8.3423,40.4272],[-8.3445,40.4249],[-8.3448,40.423],[-8.3405,40.4219],[-8.3396,40.4202],[-8.3381,40.4188],[-8.342,40.4146],[-8.343,40.4138],[-8.3435,40.4125],[-8.3458,40.4105],[-8.3493,40.4097],[-8.3549,40.4089],[-8.3543,40.4059],[-8.353,40.4039],[-8.352,40.4033],[-8.3524,40.4018],[-8.3521,40.3999],[-8.3513,40.3982],[-8.3502,40.3969],[-8.3521,40.3961],[-8.3541,40.3956],[-8.3567,40.3966],[-8.3592,40.3982],[-8.3611,40.4005],[-8.3632,40.4022],[-8.3657,40.4021],[-8.3664,40.4011],[-8.3682,40.401],[-8.3703,40.4002],[-8.3713,40.3988],[-8.3729,40.3979],[-8.3753,40.3977],[-8.3761,40.3971],[-8.3788,40.3974],[-8.3814,40.3973],[-8.3845,40.3978],[-8.3868,40.3976],[-8.3905,40.3987],[-8.3934,40.3981],[-8.3949,40.399],[-8.3977,40.3986],[-8.4,40.3993],[-8.4028,40.399],[-8.4141,40.3983],[-8.42,40.3972],[-8.4228,40.3962],[-8.4316,40.3954],[-8.4342,40.3955],[-8.4362,40.3977],[-8.4435,40.4009],[-8.4447,40.401],[-8.4519,40.3976],[-8.4544,40.3986],[-8.4549,40.3994],[-8.459,40.4014],[-8.4604,40.4032],[-8.461,40.4043],[-8.4624,40.4058],[-8.465,40.4071],[-8.4697,40.4082],[-8.4702,40.4094],[-8.4732,40.4111],[-8.4781,40.4121],[-8.4828,40.4113],[-8.4849,40.4114],[-8.4886,40.4123],[-8.4939,40.4144],[-8.4973,40.4164],[-8.4989,40.416],[-8.5053,40.4161],[-8.5047,40.4191],[-8.5048,40.4222],[-8.507,40.421],[-8.511,40.4205],[-8.5153,40.4203],[-8.5177,40.4205],[-8.5181,40.4198],[-8.5206,40.4186],[-8.5228,40.4164],[-8.529,40.4141],[-8.5302,40.4128],[-8.5329,40.4141],[-8.5347,40.4116],[-8.5365,40.4107],[-8.5391,40.4081],[-8.5418,40.4065],[-8.5454,40.4055],[-8.5532,40.4049],[-8.5614,40.4031],[-8.567,40.4012],[-8.5695,40.4006],[-8.5724,40.4003],[-8.5749,40.4026],[-8.5758,40.4042],[-8.5772,40.408],[-8.5794,40.4124],[-8.5798,40.4208],[-8.5798,40.4261],[-8.5795,40.4272],[-8.5791,40.4345],[-8.5782,40.4396],[-8.5782,40.4428],[-8.5725,40.4484],[-8.5711,40.4506],[-8.5711,40.4522],[-8.5719,40.455],[-8.5716,40.4571],[-8.5726,40.4584],[-8.5748,40.4649],[-8.5763,40.4658],[-8.5768,40.4686],[-8.5791,40.4708],[-8.5812,40.4719],[-8.5809,40.4732],[-8.5821,40.4777],[-8.5839,40.479],[-8.5853,40.4796],[-8.5881,40.4799],[-8.5901,40.4798],[-8.5919,40.4813],[-8.5943,40.4802],[-8.5967,40.4804],[-8.5979,40.4802],[-8.5993,40.4793],[-8.6008,40.4808],[-8.6029,40.48],[-8.6054,40.4809],[-8.6067,40.4807],[-8.6076,40.4818],[-8.6073,40.4833],[-8.6079,40.4838],[-8.6112,40.4843],[-8.6129,40.4853],[-8.6148,40.4856],[-8.6166,40.4843],[-8.6206,40.4821],[-8.6232,40.4774],[-8.6247,40.4757],[-8.6245,40.4741],[-8.6259,40.4718],[-8.6287,40.4699],[-8.6305,40.4665],[-8.6316,40.4658],[-8.6319,40.4643],[-8.6315,40.4635],[-8.6321,40.4625],[-8.6305,40.4602],[-8.6316,40.4577],[-8.6333,40.4562],[-8.6326,40.4547],[-8.6335,40.4533],[-8.6328,40.4522],[-8.6326,40.4507],[-8.6332,40.4501],[-8.6327,40.448],[-8.6332,40.446],[-8.6328,40.443],[-8.6322,40.442],[-8.6324,40.4395],[-8.6318,40.4384],[-8.6312,40.4344],[-8.6322,40.4314],[-8.6334,40.43],[-8.6346,40.4268],[-8.6357,40.4256],[-8.6378,40.4251],[-8.641,40.4255],[-8.6457,40.4246],[-8.6479,40.4241],[-8.6517,40.4252],[-8.6583,40.4273],[-8.663,40.4286],[-8.6743,40.4334],[-8.6778,40.4349],[-8.6838,40.4381],[-8.6867,40.4403],[-8.6839,40.4417],[-8.6861,40.444],[-8.6871,40.4447],[-8.69,40.4475],[-8.69,40.4479],[-8.6936,40.4512],[-8.7018,40.4592],[-8.7067,40.4631],[-8.714,40.4673],[-8.7188,40.4716],[-8.7206,40.4731],[-8.7207,40.4745],[-8.7297,40.4786],[-8.7324,40.4816],[-8.736,40.4862],[-8.7531,40.4994],[-8.7669,40.5101],[-8.7774,40.5159],[-8.784,40.5204],[-8.7851,40.516],[-8.786,40.5139],[-8.7861,40.5121],[-8.7876,40.509],[-8.7879,40.5069],[-8.7894,40.5028],[-8.7894,40.5013],[-8.7907,40.4977],[-8.7916,40.4964],[-8.7928,40.4926],[-8.7932,40.4906],[-8.7941,40.4891],[-8.794,40.4881],[-8.7947,40.487],[-8.7955,40.4834],[-8.7978,40.478],[-8.7984,40.4757],[-8.7991,40.4747],[-8.8001,40.4706],[-8.8011,40.4682],[-8.8039,40.4595],[-8.8048,40.4562],[-8.8067,40.4512],[-8.807,40.449],[-8.8081,40.4466],[-8.8083,40.4447],[-8.8089,40.4434],[-8.809,40.442],[-8.8107,40.4378],[-8.8111,40.4358],[-8.8118,40.4346],[-8.8132,40.4285],[-8.8148,40.4245],[-8.8149,40.4224],[-8.8154,40.42],[-8.8169,40.417],[-8.8175,40.4149],[-8.8174,40.4139],[-8.8184,40.412],[-8.8184,40.4111],[-8.8198,40.4068],[-8.8208,40.4055],[-8.8215,40.4021],[-8.8224,40.3999],[-8.8225,40.3987],[-8.8235,40.3967],[-8.8243,40.3928],[-8.8257,40.3889],[-8.8267,40.3865],[-8.8269,40.3843],[-8.8279,40.3814],[-8.8281,40.3796],[-8.8294,40.3756],[-8.831,40.3714],[-8.8317,40.3705],[-8.8317,40.3692],[-8.8333,40.3658],[-8.8343,40.3629],[-8.8343,40.3616],[-8.8361,40.3583],[-8.8361,40.3562],[-8.8372,40.3545],[-8.8378,40.3517],[-8.8385,40.3501],[-8.8396,40.3459],[-8.8406,40.3443],[-8.8413,40.3422],[-8.842,40.3387],[-8.8433,40.3365],[-8.8431,40.335],[-8.8447,40.3318],[-8.8447,40.3307],[-8.8457,40.3297],[-8.8463,40.3269],[-8.8467,40.3254],[-8.8487,40.3212],[-8.8493,40.319],[-8.8511,40.3161],[-8.8515,40.3135],[-8.854,40.3085],[-8.8552,40.304],[-8.8568,40.3015],[-8.8577,40.2979],[-8.8583,40.2969],[-8.8597,40.2955],[-8.8604,40.2922],[-8.8617,40.2898],[-8.8621,40.2883],[-8.8637,40.2857],[-8.8637,40.2846],[-8.8657,40.2802],[-8.8666,40.2787],[-8.8668,40.277],[-8.8674,40.2752],[-8.8697,40.2705],[-8.8714,40.265],[-8.8734,40.2606],[-8.8756,40.2572],[-8.8765,40.2547],[-8.8768,40.2523],[-8.8781,40.2506],[-8.8799,40.2469],[-8.8805,40.2453],[-8.8822,40.2425],[-8.8835,40.2395],[-8.8838,40.238],[-8.8866,40.2336],[-8.8866,40.2324],[-8.8878,40.2311],[-8.8896,40.2267],[-8.8932,40.2202],[-8.8955,40.2152],[-8.896,40.2136],[-8.9004,40.2047],[-8.903,40.2002],[-8.9043,40.1973],[-8.9045,40.1964],[-8.9072,40.192],[-8.9092,40.1865],[-8.9079,40.1849],[-8.9076,40.1832],[-8.908,40.1811],[-8.9072,40.1805],[-8.9066,40.1789],[-8.9049,40.1779],[-8.9024,40.1776],[-8.9011,40.177],[-8.8986,40.1765],[-8.8958,40.1747],[-8.8942,40.172],[-8.89,40.1704],[-8.8876,40.1683],[-8.8843,40.1659],[-8.8817,40.1657],[-8.8798,40.1639],[-8.8776,40.1638],[-8.8751,40.1618],[-8.8736,40.1592],[-8.8719,40.1541],[-8.872,40.15],[-8.8716,40.1469],[-8.875,40.1459],[-8.8749,40.1455],[-8.8731,40.1463],[-8.8701,40.1471],[-8.8677,40.1472],[-8.8682,40.1464],[-8.8679,40.1446],[-8.8661,40.1447],[-8.8663,40.1431],[-8.8676,40.1416],[-8.8734,40.1434],[-8.8733,40.1428],[-8.8664,40.1409],[-8.8637,40.1406],[-8.863,40.1401],[-8.8633,40.1359],[-8.8632,40.1343],[-8.864,40.1313],[-8.8637,40.1297],[-8.8642,40.1278],[-8.8644,40.1247],[-8.866,40.1242],[-8.8645,40.124],[-8.8647,40.1228],[-8.8674,40.1147],[-8.8683,40.1112],[-8.8703,40.1057],[-8.8725,40.1009],[-8.8735,40.0981],[-8.8747,40.0959],[-8.876,40.0927],[-8.8777,40.0901],[-8.8771,40.0886],[-8.8792,40.0842],[-8.8808,40.0801],[-8.8822,40.0778],[-8.8826,40.0763],[-8.8845,40.0728],[-8.8854,40.07],[-8.888,40.0653],[-8.8897,40.0603],[-8.8907,40.059],[-8.892,40.0562],[-8.8913,40.0558],[-8.8922,40.0524],[-8.8949,40.0455],[-8.8943,40.0446],[-8.8915,40.0437],[-8.8902,40.0436],[-8.8875,40.0426],[-8.8834,40.0405],[-8.8815,40.0405],[-8.8788,40.0394],[-8.8772,40.0382],[-8.8721,40.0353],[-8.8706,40.0348],[-8.8698,40.0322],[-8.8685,40.0309],[-8.8666,40.0268],[-8.8668,40.0262],[-8.869,40.0244],[-8.8686,40.0234],[-8.8648,40.0233],[-8.8546,40.0235],[-8.8493,40.0233],[-8.8475,40.0236],[-8.846,40.0243],[-8.8444,40.0256],[-8.8417,40.0268],[-8.841,40.0279],[-8.8397,40.0285],[-8.8388,40.0283],[-8.8377,40.0267],[-8.8346,40.0258],[-8.8324,40.0255],[-8.8297,40.0246],[-8.8272,40.0233],[-8.8255,40.0218],[-8.8215,40.0211],[-8.8185,40.0209],[-8.8164,40.0177],[-8.8153,40.0165],[-8.813,40.016],[-8.8101,40.0159],[-8.804,40.0142],[-8.8005,40.0126],[-8.7984,40.0154],[-8.7979,40.0175],[-8.798,40.0194],[-8.7976,40.0214],[-8.7944,40.0262],[-8.79,40.0292],[-8.7886,40.0307],[-8.7866,40.0337],[-8.7843,40.0363],[-8.7824,40.0376],[-8.7793,40.0378],[-8.7772,40.0375],[-8.7725,40.0385],[-8.7682,40.0404],[-8.7663,40.0409],[-8.7638,40.0408],[-8.7625,40.0412],[-8.7609,40.0403],[-8.7577,40.0399],[-8.7546,40.0389],[-8.7518,40.0375],[-8.7484,40.0373],[-8.7458,40.0364],[-8.7453,40.0367],[-8.7432,40.0358],[-8.7389,40.0331],[-8.737,40.0324],[-8.7334,40.0319],[-8.7322,40.0322],[-8.7261,40.0316],[-8.7231,40.0308],[-8.7217,40.0309],[-8.7168,40.0308],[-8.7119,40.0301],[-8.7067,40.0292],[-8.7029,40.0275],[-8.7016,40.0276],[-8.6999,40.0289],[-8.6956,40.0298],[-8.6938,40.0285],[-8.6914,40.0273],[-8.6908,40.0265],[-8.6885,40.0277],[-8.6868,40.0269],[-8.6847,40.0272],[-8.6828,40.0284],[-8.6818,40.0287],[-8.6788,40.0282],[-8.6767,40.0298],[-8.6755,40.0301],[-8.6743,40.0295],[-8.673,40.0277],[-8.6722,40.0272],[-8.6707,40.0226],[-8.6685,40.0199],[-8.6688,40.0187],[-8.6664,40.0164],[-8.6599,40.0166],[-8.6572,40.0154],[-8.6564,40.0146],[-8.6538,40.0129],[-8.6522,40.0115],[-8.6508,40.0114],[-8.6492,40.0107],[-8.6476,40.0107],[-8.6463,40.0101],[-8.6411,40.0111],[-8.6401,40.0097],[-8.6432,40.0057],[-8.6429,40.0038],[-8.6447,40.0024],[-8.6439,40.0007],[-8.6423,39.9995],[-8.6436,39.9977],[-8.6441,39.9953],[-8.6433,39.9946],[-8.6448,39.9925],[-8.6449,39.9916],[-8.6429,39.9904],[-8.6391,39.9908],[-8.6334,39.9915],[-8.6297,39.9908],[-8.6249,39.9909],[-8.6205,39.9914],[-8.6162,39.9916],[-8.615,39.9923],[-8.6144,39.9944],[-8.6135,39.9968],[-8.6115,39.9984],[-8.6114,40.001],[-8.6119,40.0014],[-8.6085,40.0056],[-8.6068,40.0074],[-8.6038,40.01],[-8.6026,40.0107],[-8.6022,40.0116],[-8.6023,40.0143],[-8.601,40.0159],[-8.6008,40.0182],[-8.5983,40.0225],[-8.5939,40.0233],[-8.5927,40.024],[-8.5919,40.0274],[-8.5895,40.0281],[-8.5663,40.0282],[-8.5626,40.0282],[-8.5609,40.0277],[-8.557,40.0261],[-8.554,40.0252],[-8.5524,40.024],[-8.552,40.0223],[-8.5515,40.0161],[-8.5516,40.0091],[-8.5506,40.0013],[-8.5492,39.9965],[-8.5491,39.9867],[-8.5489,39.9844],[-8.5462,39.9823],[-8.5458,39.9811],[-8.5465,39.9781],[-8.5519,39.9726],[-8.5517,39.9616],[-8.5509,39.959],[-8.5483,39.9561],[-8.5447,39.9541],[-8.5433,39.953],[-8.5414,39.9502],[-8.5388,39.9488],[-8.535,39.951],[-8.5294,39.9561],[-8.5276,39.9582],[-8.5247,39.9628],[-8.5232,39.9666],[-8.5228,39.9695],[-8.523,39.9705],[-8.5214,39.9734],[-8.5207,39.9803],[-8.5228,39.9836],[-8.5223,39.9845],[-8.5177,39.9851],[-8.5163,39.9843],[-8.5144,39.9847],[-8.5117,39.9848],[-8.5088,39.9852],[-8.5071,39.9847],[-8.5033,39.9844],[-8.4976,39.9849],[-8.4938,39.9858],[-8.4906,39.9861],[-8.4904,39.9875],[-8.4878,39.9895],[-8.4865,39.9925],[-8.4836,39.9941],[-8.4806,39.9951],[-8.4794,39.9961],[-8.4741,39.9975],[-8.473,39.998],[-8.471,39.9996],[-8.4675,40.0018],[-8.4667,40.0031],[-8.4648,40.0036],[-8.4635,40.0037],[-8.4603,40.0057],[-8.4592,40.0071],[-8.4597,40.0088],[-8.4589,40.0096],[-8.4589,40.0109],[-8.4573,40.0124],[-8.4575,40.0178],[-8.4555,40.0156],[-8.4518,40.0153],[-8.4497,40.0141],[-8.4479,40.0139],[-8.4471,40.0112],[-8.4441,40.0105],[-8.4419,40.0104],[-8.4409,40.0091],[-8.4395,40.0081],[-8.4383,40.0064],[-8.4376,40.0065],[-8.4354,40.0042],[-8.4333,40.003],[-8.4314,39.999],[-8.4291,39.9988],[-8.428,39.9976],[-8.4271,39.9977],[-8.4248,39.9998],[-8.425,40.0019],[-8.4277,40.0037],[-8.4268,40.0042],[-8.4254,40.0064],[-8.4248,40.0068],[-8.4253,40.0083],[-8.4274,40.0081],[-8.4283,40.0067],[-8.4305,40.0074],[-8.4309,40.0088],[-8.4301,40.0098],[-8.4328,40.0118],[-8.4332,40.0127],[-8.4347,40.0133],[-8.436,40.0128],[-8.4369,40.0155],[-8.4344,40.0196],[-8.4351,40.0215],[-8.4327,40.0221],[-8.4306,40.024],[-8.4299,40.0253],[-8.4283,40.0257],[-8.4277,40.0266],[-8.426,40.0266],[-8.4256,40.0256],[-8.4244,40.0246],[-8.4232,40.0246],[-8.4215,40.023],[-8.4209,40.0203],[-8.4183,40.0197],[-8.4163,40.0186],[-8.4159,40.0171],[-8.4167,40.0156],[-8.4165,40.0144],[-8.4153,40.0143],[-8.4135,40.0128],[-8.412,40.0108],[-8.412,40.0097],[-8.411,40.0087],[-8.4093,40.0083],[-8.4094,40.0094],[-8.4105,40.0104],[-8.4091,40.0113],[-8.4083,40.0111],[-8.4084,40.0099],[-8.4066,40.0089],[-8.4073,40.0077],[-8.4068,40.006],[-8.4057,40.0054],[-8.4044,40.0058],[-8.4046,40.0037],[-8.4035,40.0017],[-8.4022,40.0009],[-8.4018,39.9988],[-8.4005,39.9956],[-8.4008,39.9935],[-8.3996,39.9896],[-8.3989,39.9882],[-8.4004,39.9836],[-8.4026,39.9786],[-8.4003,39.9778],[-8.3994,39.977],[-8.3973,39.9763],[-8.3948,39.9749],[-8.3897,39.9684],[-8.3871,39.965],[-8.3837,39.9596],[-8.3816,39.9575],[-8.3799,39.9554],[-8.381,39.9521],[-8.3809,39.9514],[-8.3859,39.9517],[-8.3881,39.9513],[-8.3904,39.9512],[-8.3925,39.9497],[-8.3917,39.9487],[-8.3919,39.9462],[-8.3928,39.9445],[-8.3923,39.9416],[-8.393,39.9377],[-8.3965,39.9357],[-8.4002,39.9348],[-8.4071,39.9347],[-8.4072,39.934],[-8.4084,39.9338],[-8.4089,39.9318],[-8.4069,39.932],[-8.4073,39.9297],[-8.4046,39.9289],[-8.4026,39.9279],[-8.4006,39.9275],[-8.3998,39.9262],[-8.3971,39.926],[-8.3929,39.9252],[-8.3916,39.9252],[-8.3896,39.9245],[-8.3884,39.9245],[-8.3858,39.9239],[-8.3854,39.9247],[-8.3835,39.925],[-8.3832,39.9258],[-8.3816,39.9273],[-8.3798,39.9275],[-8.3779,39.9252],[-8.3764,39.9245],[-8.3738,39.9238],[-8.3722,39.9241],[-8.3737,39.9269],[-8.3736,39.9322],[-8.3734,39.9327],[-8.3701,39.9333],[-8.3643,39.9353],[-8.3615,39.9352],[-8.3593,39.9356],[-8.3584,39.9366],[-8.3581,39.9392],[-8.3572,39.9414],[-8.3553,39.9434],[-8.3521,39.9435],[-8.3502,39.9455],[-8.3501,39.9462],[-8.3489,39.9465],[-8.3453,39.9493],[-8.3421,39.9525],[-8.3407,39.9534],[-8.3375,39.9541],[-8.3367,39.9557],[-8.3346,39.9569],[-8.3343,39.961],[-8.3264,39.9639],[-8.3266,39.9673],[-8.328,39.9693],[-8.3279,39.9699],[-8.3266,39.9702],[-8.326,39.9709],[-8.3263,39.9724],[-8.3254,39.9734],[-8.3253,39.9724],[-8.3243,39.9716],[-8.3237,39.9719],[-8.3221,39.971],[-8.3208,39.9717],[-8.3198,39.9713],[-8.3203,39.9727],[-8.3213,39.974],[-8.3187,39.9747],[-8.3186,39.9799],[-8.3199,39.983],[-8.3191,39.9849],[-8.3155,39.9869],[-8.3138,39.9887],[-8.312,39.9888],[-8.3108,39.9847],[-8.3099,39.9831],[-8.3094,39.98],[-8.3092,39.9775],[-8.3087,39.9761],[-8.307,39.9743],[-8.2988,39.9711],[-8.2964,39.9699],[-8.2926,39.9689],[-8.2853,39.9655],[-8.2826,39.9623],[-8.2796,39.9594],[-8.2786,39.9605],[-8.2783,39.9621],[-8.2796,39.9628],[-8.2802,39.962],[-8.2814,39.9622],[-8.2812,39.9638],[-8.2793,39.9635],[-8.2779,39.9653],[-8.279,39.9669],[-8.2804,39.9677],[-8.2797,39.9699],[-8.2776,39.9698],[-8.2757,39.9723],[-8.2755,39.9738],[-8.2735,39.9732],[-8.2721,39.9754],[-8.2724,39.9762],[-8.2741,39.9782],[-8.2746,39.9797],[-8.2765,39.9791],[-8.2781,39.9791],[-8.2786,39.9796],[-8.2783,39.9807],[-8.2763,39.9821],[-8.2741,39.9822],[-8.2737,39.9833],[-8.2704,39.9835],[-8.2706,39.9853],[-8.2726,39.9853],[-8.272,39.9879],[-8.2707,39.9887],[-8.2708,39.9894],[-8.2754,39.9894],[-8.2775,39.9899],[-8.2809,39.9916],[-8.2827,39.9921],[-8.2833,39.9937],[-8.2853,39.9955],[-8.2889,39.9978],[-8.2897,39.9986],[-8.2912,40.0012],[-8.2917,40.003],[-8.2925,40.0042],[-8.298,40.0094],[-8.2976,40.0107],[-8.2969,40.0156],[-8.2963,40.0165],[-8.293,40.0174],[-8.2887,40.0213],[-8.288,40.0223],[-8.288,40.025],[-8.2868,40.0261],[-8.2852,40.0272],[-8.2811,40.0308],[-8.2815,40.0327],[-8.2828,40.0343],[-8.282,40.0364],[-8.2801,40.0379],[-8.2761,40.0419],[-8.2758,40.0454],[-8.2732,40.0469],[-8.2718,40.048],[-8.2711,40.0496],[-8.2688,40.0511],[-8.2641,40.0531],[-8.2631,40.0536],[-8.2628,40.0522],[-8.2618,40.0522],[-8.2591,40.053],[-8.257,40.0531],[-8.2555,40.0525],[-8.2516,40.0535],[-8.2493,40.0547],[-8.2467,40.0573],[-8.246,40.0615],[-8.2456,40.062],[-8.2422,40.064],[-8.2429,40.0652],[-8.2432,40.0668],[-8.2422,40.0673],[-8.2397,40.0673],[-8.2334,40.0671],[-8.2315,40.0664],[-8.228,40.0639],[-8.2204,40.0593],[-8.2181,40.0573],[-8.2163,40.056],[-8.2097,40.0521],[-8.2087,40.0529],[-8.2082,40.0557],[-8.2087,40.0581],[-8.2073,40.0592],[-8.2059,40.0607],[-8.2053,40.063],[-8.204,40.0642],[-8.2014,40.0648],[-8.201,40.0663],[-8.2001,40.0673],[-8.1981,40.0687],[-8.196,40.0693],[-8.194,40.0703],[-8.1911,40.0737],[-8.1898,40.0767],[-8.1884,40.0794],[-8.1842,40.0841],[-8.1831,40.0856],[-8.1791,40.0897]]]]}},{"type":"Feature","properties":{"tipo":"mascara"},"geometry":{"type":"Polygon","coordinates":[[[-30,25],[15,25],[15,55],[-30,55],[-30,25]],[[-8.1791,40.0897],[-8.1788,40.0897],[-8.163,40.0832],[-8.1619,40.0816],[-8.1619,40.08],[-8.1609,40.0787],[-8.1575,40.0777],[-8.1567,40.0771],[-8.1517,40.0738],[-8.1507,40.0734],[-8.1469,40.0735],[-8.1437,40.0728],[-8.1438,40.0711],[-8.1445,40.0686],[-8.1431,40.0676],[-8.1437,40.066],[-8.1426,40.0653],[-8.1434,40.0643],[-8.143,40.0636],[-8.1436,40.0625],[-8.1447,40.0617],[-8.1478,40.0574],[-8.1472,40.056],[-8.148,40.0557],[-8.1481,40.0535],[-8.1496,40.0524],[-8.1493,40.0513],[-8.1485,40.0508],[-8.1496,40.049],[-8.15,40.046],[-8.1511,40.045],[-8.1528,40.0405],[-8.1534,40.0404],[-8.1532,40.0389],[-8.1523,40.0376],[-8.1532,40.0365],[-8.1521,40.0333],[-8.1539,40.0322],[-8.1541,40.0315],[-8.1568,40.0274],[-8.1556,40.0267],[-8.1559,40.0249],[-8.1551,40.0236],[-8.156,40.0221],[-8.1542,40.0215],[-8.1553,40.0203],[-8.1545,40.0194],[-8.1513,40.0186],[-8.151,40.0168],[-8.1501,40.0162],[-8.149,40.0171],[-8.148,40.016],[-8.1456,40.0148],[-8.1439,40.0133],[-8.1435,40.0113],[-8.1425,40.0111],[-8.1429,40.01],[-8.1419,40.0102],[-8.1411,40.0093],[-8.1402,40.0066],[-8.141,40.0057],[-8.1412,40.0039],[-8.1394,40.0031],[-8.1379,40.0033],[-8.1384,40.0018],[-8.138,40.0012],[-8.1391,40.0007],[-8.1392,39.9993],[-8.1372,39.9997],[-8.1364,39.9993],[-8.1362,39.9982],[-8.1374,39.9976],[-8.1374,39.9965],[-8.1359,39.9962],[-8.1343,39.9971],[-8.1331,39.9953],[-8.132,39.995],[-8.1324,39.9929],[-8.1318,39.9925],[-8.1295,39.9925],[-8.1265,39.9908],[-8.1254,39.9895],[-8.1254,39.9877],[-8.126,39.9857],[-8.1235,39.9853],[-8.1223,39.9857],[-8.1204,39.9854],[-8.1208,39.9864],[-8.1196,39.9867],[-8.119,39.9839],[-8.1213,39.9845],[-8.1213,39.9836],[-8.12,39.9829],[-8.1202,39.9818],[-8.1184,39.9821],[-8.1182,39.9814],[-8.1169,39.9818],[-8.1164,39.9799],[-8.1153,39.9787],[-8.1159,39.9774],[-8.1151,39.9766],[-8.1121,39.9755],[-8.1119,39.9748],[-8.1124,39.973],[-8.1109,39.9725],[-8.11,39.9715],[-8.11,39.9707],[-8.1108,39.9685],[-8.1121,39.967],[-8.1111,39.9656],[-8.1083,39.9632],[-8.1081,39.9621],[-8.1102,39.9596],[-8.1107,39.957],[-8.1129,39.954],[-8.1157,39.9532],[-8.1204,39.9524],[-8.1211,39.9519],[-8.1236,39.9486],[-8.123,39.9461],[-8.1235,39.9446],[-8.1267,39.9429],[-8.1318,39.9407],[-8.1326,39.9399],[-8.1327,39.9376],[-8.1318,39.9364],[-8.1305,39.9358],[-8.1269,39.9349],[-8.1247,39.9332],[-8.123,39.9329],[-8.1187,39.9341],[-8.1203,39.9375],[-8.1208,39.9392],[-8.1208,39.9412],[-8.1201,39.9436],[-8.1178,39.9465],[-8.1155,39.9484],[-8.1143,39.9487],[-8.1129,39.9484],[-8.1083,39.9457],[-8.1016,39.9421],[-8.099,39.9412],[-8.0916,39.9413],[-8.0899,39.9415],[-8.0878,39.9425],[-8.0864,39.9437],[-8.0847,39.9455],[-8.0825,39.9471],[-8.0825,39.9488],[-8.0875,39.9531],[-8.0882,39.9549],[-8.0881,39.9573],[-8.0871,39.961],[-8.087,39.9636],[-8.0865,39.9651],[-8.0852,39.9654],[-8.0834,39.9649],[-8.082,39.9636],[-8.0789,39.9615],[-8.0787,39.9601],[-8.0796,39.9584],[-8.0791,39.9573],[-8.0778,39.957],[-8.0735,39.9569],[-8.0701,39.956],[-8.0671,39.9548],[-8.0646,39.9547],[-8.0618,39.9559],[-8.0607,39.9601],[-8.0597,39.9626],[-8.058,39.9649],[-8.0582,39.9668],[-8.0578,39.9687],[-8.0558,39.9696],[-8.0521,39.9663],[-8.0505,39.9644],[-8.0487,39.9632],[-8.0464,39.9633],[-8.0434,39.9639],[-8.0388,39.9636],[-8.0367,39.9627],[-8.0353,39.961],[-8.0337,39.9604],[-8.031,39.9622],[-8.0299,39.9639],[-8.0299,39.9653],[-8.033,39.9684],[-8.0341,39.9703],[-8.0365,39.9759],[-8.0365,39.9769],[-8.0351,39.9795],[-8.0324,39.984],[-8.0315,39.9846],[-8.0306,39.9844],[-8.0291,39.9833],[-8.029,39.9806],[-8.0282,39.9785],[-8.0263,39.9776],[-8.024,39.9751],[-8.0192,39.9725],[-8.0178,39.9713],[-8.0163,39.9713],[-8.0143,39.9732],[-8.0119,39.974],[-8.0099,39.9736],[-8.0069,39.9721],[-8.0054,39.9722],[-8.0052,39.9732],[-8.0063,39.9758],[-8.0074,39.9792],[-8.0086,39.9808],[-8.012,39.9824],[-8.0141,39.9846],[-8.015,39.9866],[-8.0153,39.9883],[-8.0139,39.9893],[-8.0114,39.9892],[-8.009,39.9885],[-8.0073,39.9876],[-8.0037,39.985],[-8.0022,39.9837],[-7.9993,39.9791],[-7.9975,39.9781],[-7.9909,39.9781],[-7.99,39.9793],[-7.9918,39.9823],[-7.9927,39.9852],[-7.9923,39.9866],[-7.991,39.9879],[-7.989,39.989],[-7.986,39.9896],[-7.9836,39.9897],[-7.9773,39.9891],[-7.974,39.9879],[-7.9717,39.986],[-7.9708,39.9845],[-7.9701,39.9823],[-7.9695,39.9811],[-7.9678,39.9795],[-7.9641,39.9772],[-7.962,39.9779],[-7.9632,39.9807],[-7.9637,39.9832],[-7.9634,39.9856],[-7.9623,39.9868],[-7.9596,39.9886],[-7.9589,39.9907],[-7.9552,39.9917],[-7.954,39.9936],[-7.9536,39.9952],[-7.9529,40.0003],[-7.9534,40.0017],[-7.9529,40.0024],[-7.9512,40.0024],[-7.9487,40.0015],[-7.9439,40.0006],[-7.9413,39.9999],[-7.9388,40.0003],[-7.9363,40.0018],[-7.9347,40.002],[-7.9334,40.0017],[-7.9277,39.9997],[-7.9235,39.9989],[-7.9202,39.9985],[-7.9183,39.9987],[-7.9144,40.0007],[-7.9138,40.002],[-7.9158,40.0055],[-7.9158,40.0067],[-7.9147,40.0074],[-7.9132,40.0071],[-7.91,40.0044],[-7.9069,40.0034],[-7.902,40.0029],[-7.9023,40.0045],[-7.9018,40.0051],[-7.9024,40.0066],[-7.9047,40.0075],[-7.9061,40.0088],[-7.9056,40.0098],[-7.9059,40.012],[-7.9067,40.012],[-7.907,40.0129],[-7.9065,40.0137],[-7.9075,40.0143],[-7.9071,40.0149],[-7.9083,40.0152],[-7.9078,40.0174],[-7.9085,40.018],[-7.9083,40.02],[-7.9091,40.0216],[-7.9105,40.0226],[-7.9092,40.0241],[-7.9086,40.0254],[-7.91,40.0263],[-7.9128,40.0261],[-7.9138,40.0276],[-7.9145,40.0301],[-7.9159,40.0328],[-7.9147,40.0342],[-7.9107,40.0365],[-7.907,40.0394],[-7.9044,40.0417],[-7.9029,40.0426],[-7.9,40.0434],[-7.898,40.043],[-7.8956,40.0417],[-7.8931,40.0413],[-7.892,40.0414],[-7.8891,40.0432],[-7.8857,40.0452],[-7.8831,40.0461],[-7.8804,40.0461],[-7.8793,40.0465],[-7.8751,40.0491],[-7.8729,40.0497],[-7.8717,40.0497],[-7.8703,40.0503],[-7.8677,40.053],[-7.8663,40.0535],[-7.8646,40.0551],[-7.8642,40.0581],[-7.8611,40.059],[-7.8558,40.0591],[-7.8546,40.0587],[-7.8496,40.0548],[-7.8483,40.054],[-7.8462,40.0537],[-7.8443,40.0528],[-7.8428,40.0531],[-7.8388,40.0517],[-7.8375,40.051],[-7.8347,40.051],[-7.8322,40.0504],[-7.8251,40.0507],[-7.822,40.0476],[-7.8207,40.0461],[-7.8169,40.0426],[-7.8153,40.0407],[-7.8125,40.0382],[-7.8083,40.0357],[-7.8073,40.0372],[-7.8085,40.0402],[-7.8082,40.0409],[-7.8042,40.0429],[-7.8013,40.045],[-7.8009,40.0481],[-7.8017,40.0485],[-7.8044,40.0484],[-7.8057,40.0471],[-7.8077,40.0472],[-7.8087,40.0479],[-7.8096,40.0504],[-7.8091,40.0523],[-7.8077,40.0546],[-7.8058,40.0567],[-7.804,40.0576],[-7.8003,40.0581],[-7.7996,40.0598],[-7.8004,40.0614],[-7.8034,40.0634],[-7.8057,40.0657],[-7.8068,40.0677],[-7.8068,40.0686],[-7.8058,40.0716],[-7.803,40.0735],[-7.7997,40.0749],[-7.7966,40.0765],[-7.7971,40.078],[-7.7989,40.0786],[-7.7999,40.0785],[-7.8044,40.0757],[-7.809,40.0743],[-7.8106,40.0736],[-7.8121,40.0735],[-7.8144,40.0739],[-7.8161,40.0747],[-7.8169,40.0756],[-7.8172,40.0769],[-7.8151,40.0783],[-7.8125,40.0774],[-7.8107,40.0773],[-7.8081,40.078],[-7.8065,40.0787],[-7.8042,40.0811],[-7.8005,40.0838],[-7.8013,40.0867],[-7.8004,40.0876],[-7.7983,40.0879],[-7.7958,40.0873],[-7.7933,40.0859],[-7.7923,40.0857],[-7.7885,40.0862],[-7.7871,40.0859],[-7.7869,40.0853],[-7.7883,40.0841],[-7.791,40.0834],[-7.7915,40.0828],[-7.7915,40.0812],[-7.79,40.0791],[-7.7879,40.0771],[-7.7869,40.0756],[-7.7855,40.0723],[-7.784,40.0709],[-7.78,40.069],[-7.7782,40.0673],[-7.7773,40.0652],[-7.7765,40.0644],[-7.7749,40.0639],[-7.7733,40.064],[-7.7725,40.0649],[-7.7727,40.0661],[-7.7759,40.068],[-7.7764,40.0686],[-7.7759,40.0702],[-7.7726,40.0732],[-7.7716,40.0743],[-7.7695,40.0753],[-7.7662,40.0754],[-7.7635,40.0767],[-7.7604,40.0797],[-7.7574,40.0838],[-7.7555,40.085],[-7.754,40.0864],[-7.7521,40.0874],[-7.7499,40.0876],[-7.7484,40.0882],[-7.7465,40.0897],[-7.7442,40.0909],[-7.7428,40.0924],[-7.7416,40.0956],[-7.7425,40.0971],[-7.745,40.0979],[-7.7481,40.0974],[-7.7509,40.0976],[-7.7515,40.0982],[-7.7517,40.0999],[-7.75,40.1009],[-7.7473,40.1016],[-7.7439,40.1018],[-7.7402,40.1041],[-7.7376,40.1043],[-7.7358,40.1035],[-7.7334,40.1039],[-7.7323,40.1048],[-7.7318,40.106],[-7.7336,40.1071],[-7.7341,40.1081],[-7.7344,40.1103],[-7.735,40.1116],[-7.7345,40.1187],[-7.7346,40.12],[-7.7358,40.1222],[-7.7361,40.124],[-7.7402,40.1267],[-7.741,40.1266],[-7.7435,40.1274],[-7.7461,40.1287],[-7.7477,40.1302],[-7.7502,40.1304],[-7.7524,40.1317],[-7.7547,40.1323],[-7.7557,40.1333],[-7.7565,40.135],[-7.7589,40.1358],[-7.7598,40.1367],[-7.7628,40.138],[-7.7645,40.1394],[-7.7688,40.1414],[-7.7739,40.145],[-7.7744,40.1459],[-7.7741,40.1486],[-7.7745,40.1501],[-7.7741,40.1526],[-7.7736,40.1533],[-7.7739,40.1552],[-7.7761,40.1576],[-7.7811,40.1589],[-7.7864,40.1593],[-7.7887,40.1583],[-7.7907,40.1582],[-7.7943,40.1595],[-7.7983,40.1629],[-7.801,40.1666],[-7.8016,40.1686],[-7.8016,40.1703],[-7.8008,40.1759],[-7.8031,40.1785],[-7.8076,40.1817],[-7.809,40.1818],[-7.8077,40.183],[-7.807,40.1851],[-7.8042,40.1877],[-7.802,40.1904],[-7.7997,40.1958],[-7.7977,40.198],[-7.7963,40.2001],[-7.7957,40.2016],[-7.793,40.2035],[-7.789,40.2054],[-7.7843,40.2082],[-7.7839,40.2157],[-7.784,40.2203],[-7.783,40.225],[-7.7824,40.2293],[-7.7825,40.2305],[-7.7838,40.2337],[-7.7855,40.2366],[-7.7887,40.2407],[-7.7952,40.2468],[-7.7971,40.2484],[-7.8011,40.2525],[-7.8038,40.2563],[-7.807,40.2568],[-7.8097,40.2558],[-7.8111,40.2557],[-7.818,40.256],[-7.8216,40.2567],[-7.8241,40.2588],[-7.8245,40.2613],[-7.8259,40.2651],[-7.8255,40.2663],[-7.8238,40.2676],[-7.8206,40.268],[-7.8183,40.2694],[-7.8169,40.2717],[-7.8167,40.2754],[-7.8174,40.2803],[-7.8182,40.2822],[-7.815,40.2833],[-7.8134,40.2842],[-7.8109,40.2873],[-7.8083,40.2921],[-7.8071,40.295],[-7.8069,40.2982],[-7.8077,40.2991],[-7.8062,40.3005],[-7.8059,40.3032],[-7.8064,40.304],[-7.8046,40.3063],[-7.8044,40.3076],[-7.8013,40.3094],[-7.7973,40.3085],[-7.7932,40.309],[-7.7926,40.3107],[-7.7911,40.3128],[-7.7895,40.314],[-7.788,40.3144],[-7.7804,40.3181],[-7.7789,40.3185],[-7.7776,40.3179],[-7.7764,40.3167],[-7.7747,40.3159],[-7.7721,40.3154],[-7.7693,40.3156],[-7.7651,40.3166],[-7.7618,40.3247],[-7.761,40.3289],[-7.7582,40.3318],[-7.7592,40.3348],[-7.7602,40.3359],[-7.7618,40.336],[-7.7631,40.3366],[-7.7668,40.3364],[-7.7699,40.3356],[-7.7705,40.3365],[-7.7706,40.3383],[-7.772,40.3392],[-7.7745,40.3385],[-7.7776,40.3358],[-7.7797,40.3372],[-7.7818,40.3379],[-7.784,40.34],[-7.7858,40.3453],[-7.7874,40.346],[-7.8051,40.3493],[-7.8046,40.3577],[-7.8038,40.3583],[-7.8006,40.3596],[-7.7973,40.3616],[-7.7964,40.3644],[-7.797,40.3663],[-7.7996,40.3692],[-7.7992,40.3704],[-7.7965,40.3725],[-7.7959,40.3736],[-7.7968,40.3755],[-7.7966,40.3777],[-7.7972,40.3798],[-7.7984,40.381],[-7.7982,40.3827],[-7.7988,40.3887],[-7.7974,40.3947],[-7.7974,40.3964],[-7.7982,40.4008],[-7.7972,40.405],[-7.8004,40.4059],[-7.8091,40.4058],[-7.8269,40.4032],[-7.834,40.4085],[-7.8451,40.4141],[-7.8455,40.424],[-7.8492,40.4275],[-7.8482,40.4289],[-7.8453,40.4305],[-7.8429,40.4324],[-7.8426,40.4333],[-7.8403,40.4336],[-7.837,40.4351],[-7.8357,40.435],[-7.8337,40.4364],[-7.8321,40.4367],[-7.8311,40.4376],[-7.8291,40.4385],[-7.8273,40.4399],[-7.8256,40.4406],[-7.8241,40.4402],[-7.82,40.4414],[-7.8197,40.4412],[-7.8173,40.4413],[-7.815,40.4404],[-7.8143,40.4397],[-7.8108,40.4394],[-7.8042,40.4478],[-7.7992,40.4542],[-7.7969,40.4574],[-7.7987,40.4586],[-7.8042,40.4635],[-7.8134,40.4694],[-7.818,40.4757],[-7.8273,40.4818],[-7.8281,40.4864],[-7.8289,40.4943],[-7.8283,40.4985],[-7.8301,40.4986],[-7.8317,40.4981],[-7.8358,40.4962],[-7.8394,40.4935],[-7.8427,40.4929],[-7.8451,40.4936],[-7.8449,40.4948],[-7.846,40.4956],[-7.8468,40.4956],[-7.8489,40.4938],[-7.85,40.4932],[-7.8518,40.4907],[-7.8526,40.4907],[-7.8566,40.4896],[-7.8591,40.4876],[-7.8606,40.4878],[-7.8618,40.4873],[-7.8642,40.4853],[-7.865,40.4831],[-7.8667,40.4798],[-7.8682,40.4789],[-7.8695,40.4787],[-7.872,40.4792],[-7.8738,40.4782],[-7.8781,40.4766],[-7.8804,40.4751],[-7.8804,40.4741],[-7.8819,40.4729],[-7.8842,40.4731],[-7.8864,40.4706],[-7.8884,40.469],[-7.8914,40.465],[-7.8934,40.4628],[-7.8949,40.4618],[-7.8975,40.462],[-7.8995,40.4616],[-7.9016,40.4601],[-7.9024,40.4588],[-7.9039,40.4574],[-7.9031,40.4559],[-7.9049,40.4528],[-7.9087,40.4516],[-7.9118,40.4501],[-7.9152,40.4482],[-7.9175,40.4466],[-7.9175,40.4455],[-7.9188,40.4437],[-7.9177,40.4413],[-7.9179,40.4408],[-7.9206,40.4403],[-7.922,40.439],[-7.9236,40.4362],[-7.9245,40.4353],[-7.9271,40.4346],[-7.9287,40.4331],[-7.9292,40.4309],[-7.9306,40.4291],[-7.9329,40.4282],[-7.936,40.4285],[-7.9373,40.4277],[-7.9372,40.4262],[-7.9383,40.425],[-7.9408,40.4247],[-7.9424,40.425],[-7.944,40.4244],[-7.9463,40.4229],[-7.9475,40.4227],[-7.9503,40.423],[-7.9511,40.4228],[-7.9538,40.424],[-7.9558,40.4234],[-7.9567,40.4226],[-7.958,40.4202],[-7.9617,40.4181],[-7.963,40.4169],[-7.9641,40.4147],[-7.9663,40.4131],[-7.9691,40.4116],[-7.9705,40.4102],[-7.9718,40.4076],[-7.973,40.4059],[-7.9743,40.405],[-7.9779,40.4041],[-7.98,40.4027],[-7.9822,40.4024],[-7.985,40.403],[-7.9897,40.4009],[-7.9919,40.3978],[-7.9939,40.3969],[-7.997,40.3967],[-8.0009,40.3956],[-8.0016,40.3949],[-8.0017,40.3933],[-8.0037,40.3916],[-8.0088,40.3898],[-8.0107,40.3895],[-8.0143,40.3894],[-8.0255,40.3871],[-8.0314,40.3866],[-8.0358,40.3867],[-8.0395,40.3866],[-8.0436,40.3849],[-8.0445,40.3836],[-8.0447,40.3821],[-8.0471,40.3795],[-8.0497,40.3772],[-8.051,40.3756],[-8.0546,40.3743],[-8.0554,40.373],[-8.057,40.372],[-8.0597,40.3721],[-8.0629,40.373],[-8.0645,40.3742],[-8.0659,40.3742],[-8.0686,40.3729],[-8.0699,40.3713],[-8.0706,40.3678],[-8.0724,40.3663],[-8.0737,40.3642],[-8.0747,40.3634],[-8.0771,40.3626],[-8.0782,40.3616],[-8.0803,40.3607],[-8.0813,40.3608],[-8.0826,40.3618],[-8.0849,40.3613],[-8.088,40.3611],[-8.0908,40.3595],[-8.0921,40.3582],[-8.0949,40.3562],[-8.0969,40.3556],[-8.1,40.3531],[-8.1031,40.3499],[-8.1056,40.3481],[-8.113,40.3414],[-8.1165,40.3391],[-8.1191,40.3385],[-8.1218,40.3388],[-8.124,40.3398],[-8.1271,40.3418],[-8.1304,40.3433],[-8.132,40.3432],[-8.133,40.3426],[-8.134,40.3404],[-8.1322,40.3355],[-8.1328,40.334],[-8.1342,40.3331],[-8.1352,40.3333],[-8.1365,40.3345],[-8.1367,40.3363],[-8.1383,40.3377],[-8.1404,40.3383],[-8.1453,40.3384],[-8.1482,40.3382],[-8.152,40.3375],[-8.1556,40.3379],[-8.1586,40.339],[-8.1618,40.3412],[-8.1634,40.3416],[-8.1657,40.3417],[-8.1678,40.3426],[-8.1704,40.345],[-8.1713,40.345],[-8.1721,40.3441],[-8.1741,40.3406],[-8.1767,40.3371],[-8.1785,40.3357],[-8.1812,40.3344],[-8.1839,40.3336],[-8.1858,40.3338],[-8.1868,40.3358],[-8.1868,40.3384],[-8.1832,40.3387],[-8.1814,40.3395],[-8.1803,40.3417],[-8.1805,40.3439],[-8.1817,40.3464],[-8.1816,40.3478],[-8.1804,40.349],[-8.1772,40.3496],[-8.175,40.351],[-8.175,40.3526],[-8.1756,40.3548],[-8.1745,40.3566],[-8.1742,40.3583],[-8.1747,40.3599],[-8.1745,40.3626],[-8.1736,40.3638],[-8.1724,40.3642],[-8.1684,40.3645],[-8.1675,40.3648],[-8.1652,40.3674],[-8.1655,40.3686],[-8.1666,40.3689],[-8.1687,40.368],[-8.1701,40.3681],[-8.1733,40.37],[-8.1722,40.3713],[-8.1739,40.3723],[-8.1757,40.3743],[-8.1785,40.3753],[-8.1787,40.3764],[-8.1778,40.3773],[-8.1776,40.3806],[-8.1757,40.3824],[-8.173,40.3822],[-8.1718,40.3835],[-8.1721,40.3843],[-8.1744,40.3851],[-8.1736,40.3866],[-8.1708,40.387],[-8.168,40.3866],[-8.1648,40.3903],[-8.1631,40.3914],[-8.1629,40.3932],[-8.1651,40.3954],[-8.1645,40.3969],[-8.1623,40.3976],[-8.1614,40.3982],[-8.1615,40.3991],[-8.1603,40.4014],[-8.1601,40.4029],[-8.1609,40.4035],[-8.1638,40.4029],[-8.1668,40.4028],[-8.1679,40.4048],[-8.1667,40.4064],[-8.162,40.4085],[-8.1615,40.4089],[-8.1623,40.4099],[-8.1645,40.4107],[-8.1648,40.413],[-8.1685,40.4163],[-8.1686,40.418],[-8.1674,40.4182],[-8.1665,40.4177],[-8.1653,40.4182],[-8.166,40.4217],[-8.1659,40.4256],[-8.1664,40.4268],[-8.1662,40.4278],[-8.1641,40.4295],[-8.1634,40.4303],[-8.1629,40.4321],[-8.1619,40.4337],[-8.1617,40.4354],[-8.1622,40.4361],[-8.1618,40.4372],[-8.1593,40.4385],[-8.1592,40.4396],[-8.1597,40.4405],[-8.1606,40.4436],[-8.1598,40.445],[-8.1576,40.4467],[-8.158,40.449],[-8.1598,40.449],[-8.1607,40.4498],[-8.1616,40.4481],[-8.1647,40.4504],[-8.1645,40.4514],[-8.1653,40.4551],[-8.1669,40.4583],[-8.1676,40.4604],[-8.1666,40.4614],[-8.1668,40.4622],[-8.1696,40.4648],[-8.1692,40.4662],[-8.1698,40.4683],[-8.1733,40.4705],[-8.1744,40.4702],[-8.1758,40.471],[-8.1779,40.4706],[-8.1785,40.4716],[-8.1792,40.4709],[-8.1816,40.4713],[-8.1824,40.4707],[-8.1848,40.4712],[-8.1866,40.473],[-8.1873,40.4727],[-8.1914,40.4724],[-8.1922,40.4741],[-8.1934,40.4745],[-8.1959,40.4765],[-8.1964,40.4779],[-8.1977,40.4781],[-8.1989,40.4774],[-8.2009,40.4798],[-8.1996,40.4819],[-8.1988,40.4823],[-8.1989,40.4843],[-8.2006,40.4872],[-8.202,40.4887],[-8.2019,40.4895],[-8.2038,40.4917],[-8.2039,40.4946],[-8.2056,40.4976],[-8.2074,40.4997],[-8.2075,40.5007],[-8.2084,40.5017],[-8.2082,40.5027],[-8.2103,40.5036],[-8.2109,40.5044],[-8.2127,40.505],[-8.212,40.5066],[-8.2133,40.5069],[-8.2122,40.5077],[-8.2129,40.5094],[-8.2147,40.5083],[-8.216,40.5084],[-8.2153,40.5098],[-8.216,40.5106],[-8.2168,40.51],[-8.2188,40.5111],[-8.2202,40.5143],[-8.223,40.5146],[-8.2261,40.5162],[-8.2312,40.5166],[-8.2317,40.517],[-8.2368,40.5163],[-8.2406,40.5154],[-8.2429,40.5138],[-8.2475,40.5141],[-8.2507,40.5149],[-8.25,40.5142],[-8.2505,40.5132],[-8.2501,40.5112],[-8.2523,40.5109],[-8.2533,40.5099],[-8.2538,40.5086],[-8.2565,40.5074],[-8.2599,40.5071],[-8.2607,40.5066],[-8.2629,40.5041],[-8.2639,40.5035],[-8.266,40.5035],[-8.2667,40.5044],[-8.2685,40.5055],[-8.272,40.5067],[-8.2741,40.5079],[-8.2772,40.5079],[-8.2828,40.5092],[-8.2862,40.5076],[-8.2868,40.507],[-8.289,40.5069],[-8.2903,40.5055],[-8.2941,40.5028],[-8.2954,40.5014],[-8.2975,40.5009],[-8.2994,40.4991],[-8.3034,40.4988],[-8.3051,40.4977],[-8.3113,40.4959],[-8.3133,40.4956],[-8.314,40.4949],[-8.3171,40.4941],[-8.3203,40.4936],[-8.3219,40.4929],[-8.3235,40.4927],[-8.325,40.4918],[-8.328,40.4922],[-8.3293,40.4933],[-8.3303,40.493],[-8.331,40.4911],[-8.3313,40.4893],[-8.3335,40.4879],[-8.3336,40.4871],[-8.3355,40.4858],[-8.3337,40.4852],[-8.3347,40.4828],[-8.3327,40.4819],[-8.3358,40.4809],[-8.335,40.4799],[-8.3344,40.4773],[-8.3349,40.4755],[-8.3319,40.4716],[-8.3308,40.4709],[-8.329,40.4705],[-8.3282,40.4694],[-8.3287,40.4686],[-8.3281,40.4673],[-8.3232,40.4637],[-8.3214,40.46],[-8.319,40.4574],[-8.3181,40.4543],[-8.3184,40.4519],[-8.3199,40.4505],[-8.3199,40.4477],[-8.3192,40.4447],[-8.3176,40.4412],[-8.3194,40.4398],[-8.3209,40.4394],[-8.3242,40.4401],[-8.3271,40.4398],[-8.329,40.4382],[-8.3318,40.4372],[-8.3317,40.4365],[-8.335,40.4341],[-8.336,40.4323],[-8.3376,40.4299],[-8.3401,40.4291],[-8.3423,40.4272],[-8.3445,40.4249],[-8.3448,40.423],[-8.3405,40.4219],[-8.3396,40.4202],[-8.3381,40.4188],[-8.342,40.4146],[-8.343,40.4138],[-8.3435,40.4125],[-8.3458,40.4105],[-8.3493,40.4097],[-8.3549,40.4089],[-8.3543,40.4059],[-8.353,40.4039],[-8.352,40.4033],[-8.3524,40.4018],[-8.3521,40.3999],[-8.3513,40.3982],[-8.3502,40.3969],[-8.3521,40.3961],[-8.3541,40.3956],[-8.3567,40.3966],[-8.3592,40.3982],[-8.3611,40.4005],[-8.3632,40.4022],[-8.3657,40.4021],[-8.3664,40.4011],[-8.3682,40.401],[-8.3703,40.4002],[-8.3713,40.3988],[-8.3729,40.3979],[-8.3753,40.3977],[-8.3761,40.3971],[-8.3788,40.3974],[-8.3814,40.3973],[-8.3845,40.3978],[-8.3868,40.3976],[-8.3905,40.3987],[-8.3934,40.3981],[-8.3949,40.399],[-8.3977,40.3986],[-8.4,40.3993],[-8.4028,40.399],[-8.4141,40.3983],[-8.42,40.3972],[-8.4228,40.3962],[-8.4316,40.3954],[-8.4342,40.3955],[-8.4362,40.3977],[-8.4435,40.4009],[-8.4447,40.401],[-8.4519,40.3976],[-8.4544,40.3986],[-8.4549,40.3994],[-8.459,40.4014],[-8.4604,40.4032],[-8.461,40.4043],[-8.4624,40.4058],[-8.465,40.4071],[-8.4697,40.4082],[-8.4702,40.4094],[-8.4732,40.4111],[-8.4781,40.4121],[-8.4828,40.4113],[-8.4849,40.4114],[-8.4886,40.4123],[-8.4939,40.4144],[-8.4973,40.4164],[-8.4989,40.416],[-8.5053,40.4161],[-8.5047,40.4191],[-8.5048,40.4222],[-8.507,40.421],[-8.511,40.4205],[-8.5153,40.4203],[-8.5177,40.4205],[-8.5181,40.4198],[-8.5206,40.4186],[-8.5228,40.4164],[-8.529,40.4141],[-8.5302,40.4128],[-8.5329,40.4141],[-8.5347,40.4116],[-8.5365,40.4107],[-8.5391,40.4081],[-8.5418,40.4065],[-8.5454,40.4055],[-8.5532,40.4049],[-8.5614,40.4031],[-8.567,40.4012],[-8.5695,40.4006],[-8.5724,40.4003],[-8.5749,40.4026],[-8.5758,40.4042],[-8.5772,40.408],[-8.5794,40.4124],[-8.5798,40.4208],[-8.5798,40.4261],[-8.5795,40.4272],[-8.5791,40.4345],[-8.5782,40.4396],[-8.5782,40.4428],[-8.5725,40.4484],[-8.5711,40.4506],[-8.5711,40.4522],[-8.5719,40.455],[-8.5716,40.4571],[-8.5726,40.4584],[-8.5748,40.4649],[-8.5763,40.4658],[-8.5768,40.4686],[-8.5791,40.4708],[-8.5812,40.4719],[-8.5809,40.4732],[-8.5821,40.4777],[-8.5839,40.479],[-8.5853,40.4796],[-8.5881,40.4799],[-8.5901,40.4798],[-8.5919,40.4813],[-8.5943,40.4802],[-8.5967,40.4804],[-8.5979,40.4802],[-8.5993,40.4793],[-8.6008,40.4808],[-8.6029,40.48],[-8.6054,40.4809],[-8.6067,40.4807],[-8.6076,40.4818],[-8.6073,40.4833],[-8.6079,40.4838],[-8.6112,40.4843],[-8.6129,40.4853],[-8.6148,40.4856],[-8.6166,40.4843],[-8.6206,40.4821],[-8.6232,40.4774],[-8.6247,40.4757],[-8.6245,40.4741],[-8.6259,40.4718],[-8.6287,40.4699],[-8.6305,40.4665],[-8.6316,40.4658],[-8.6319,40.4643],[-8.6315,40.4635],[-8.6321,40.4625],[-8.6305,40.4602],[-8.6316,40.4577],[-8.6333,40.4562],[-8.6326,40.4547],[-8.6335,40.4533],[-8.6328,40.4522],[-8.6326,40.4507],[-8.6332,40.4501],[-8.6327,40.448],[-8.6332,40.446],[-8.6328,40.443],[-8.6322,40.442],[-8.6324,40.4395],[-8.6318,40.4384],[-8.6312,40.4344],[-8.6322,40.4314],[-8.6334,40.43],[-8.6346,40.4268],[-8.6357,40.4256],[-8.6378,40.4251],[-8.641,40.4255],[-8.6457,40.4246],[-8.6479,40.4241],[-8.6517,40.4252],[-8.6583,40.4273],[-8.663,40.4286],[-8.6743,40.4334],[-8.6778,40.4349],[-8.6838,40.4381],[-8.6867,40.4403],[-8.6839,40.4417],[-8.6861,40.444],[-8.6871,40.4447],[-8.69,40.4475],[-8.69,40.4479],[-8.6936,40.4512],[-8.7018,40.4592],[-8.7067,40.4631],[-8.714,40.4673],[-8.7188,40.4716],[-8.7206,40.4731],[-8.7207,40.4745],[-8.7297,40.4786],[-8.7324,40.4816],[-8.736,40.4862],[-8.7531,40.4994],[-8.7669,40.5101],[-8.7774,40.5159],[-8.784,40.5204],[-8.7851,40.516],[-8.786,40.5139],[-8.7861,40.5121],[-8.7876,40.509],[-8.7879,40.5069],[-8.7894,40.5028],[-8.7894,40.5013],[-8.7907,40.4977],[-8.7916,40.4964],[-8.7928,40.4926],[-8.7932,40.4906],[-8.7941,40.4891],[-8.794,40.4881],[-8.7947,40.487],[-8.7955,40.4834],[-8.7978,40.478],[-8.7984,40.4757],[-8.7991,40.4747],[-8.8001,40.4706],[-8.8011,40.4682],[-8.8039,40.4595],[-8.8048,40.4562],[-8.8067,40.4512],[-8.807,40.449],[-8.8081,40.4466],[-8.8083,40.4447],[-8.8089,40.4434],[-8.809,40.442],[-8.8107,40.4378],[-8.8111,40.4358],[-8.8118,40.4346],[-8.8132,40.4285],[-8.8148,40.4245],[-8.8149,40.4224],[-8.8154,40.42],[-8.8169,40.417],[-8.8175,40.4149],[-8.8174,40.4139],[-8.8184,40.412],[-8.8184,40.4111],[-8.8198,40.4068],[-8.8208,40.4055],[-8.8215,40.4021],[-8.8224,40.3999],[-8.8225,40.3987],[-8.8235,40.3967],[-8.8243,40.3928],[-8.8257,40.3889],[-8.8267,40.3865],[-8.8269,40.3843],[-8.8279,40.3814],[-8.8281,40.3796],[-8.8294,40.3756],[-8.831,40.3714],[-8.8317,40.3705],[-8.8317,40.3692],[-8.8333,40.3658],[-8.8343,40.3629],[-8.8343,40.3616],[-8.8361,40.3583],[-8.8361,40.3562],[-8.8372,40.3545],[-8.8378,40.3517],[-8.8385,40.3501],[-8.8396,40.3459],[-8.8406,40.3443],[-8.8413,40.3422],[-8.842,40.3387],[-8.8433,40.3365],[-8.8431,40.335],[-8.8447,40.3318],[-8.8447,40.3307],[-8.8457,40.3297],[-8.8463,40.3269],[-8.8467,40.3254],[-8.8487,40.3212],[-8.8493,40.319],[-8.8511,40.3161],[-8.8515,40.3135],[-8.854,40.3085],[-8.8552,40.304],[-8.8568,40.3015],[-8.8577,40.2979],[-8.8583,40.2969],[-8.8597,40.2955],[-8.8604,40.2922],[-8.8617,40.2898],[-8.8621,40.2883],[-8.8637,40.2857],[-8.8637,40.2846],[-8.8657,40.2802],[-8.8666,40.2787],[-8.8668,40.277],[-8.8674,40.2752],[-8.8697,40.2705],[-8.8714,40.265],[-8.8734,40.2606],[-8.8756,40.2572],[-8.8765,40.2547],[-8.8768,40.2523],[-8.8781,40.2506],[-8.8799,40.2469],[-8.8805,40.2453],[-8.8822,40.2425],[-8.8835,40.2395],[-8.8838,40.238],[-8.8866,40.2336],[-8.8866,40.2324],[-8.8878,40.2311],[-8.8896,40.2267],[-8.8932,40.2202],[-8.8955,40.2152],[-8.896,40.2136],[-8.9004,40.2047],[-8.903,40.2002],[-8.9043,40.1973],[-8.9045,40.1964],[-8.9072,40.192],[-8.9092,40.1865],[-8.9079,40.1849],[-8.9076,40.1832],[-8.908,40.1811],[-8.9072,40.1805],[-8.9066,40.1789],[-8.9049,40.1779],[-8.9024,40.1776],[-8.9011,40.177],[-8.8986,40.1765],[-8.8958,40.1747],[-8.8942,40.172],[-8.89,40.1704],[-8.8876,40.1683],[-8.8843,40.1659],[-8.8817,40.1657],[-8.8798,40.1639],[-8.8776,40.1638],[-8.8751,40.1618],[-8.8736,40.1592],[-8.8719,40.1541],[-8.872,40.15],[-8.8716,40.1469],[-8.875,40.1459],[-8.8749,40.1455],[-8.8731,40.1463],[-8.8701,40.1471],[-8.8677,40.1472],[-8.8682,40.1464],[-8.8679,40.1446],[-8.8661,40.1447],[-8.8663,40.1431],[-8.8676,40.1416],[-8.8734,40.1434],[-8.8733,40.1428],[-8.8664,40.1409],[-8.8637,40.1406],[-8.863,40.1401],[-8.8633,40.1359],[-8.8632,40.1343],[-8.864,40.1313],[-8.8637,40.1297],[-8.8642,40.1278],[-8.8644,40.1247],[-8.866,40.1242],[-8.8645,40.124],[-8.8647,40.1228],[-8.8674,40.1147],[-8.8683,40.1112],[-8.8703,40.1057],[-8.8725,40.1009],[-8.8735,40.0981],[-8.8747,40.0959],[-8.876,40.0927],[-8.8777,40.0901],[-8.8771,40.0886],[-8.8792,40.0842],[-8.8808,40.0801],[-8.8822,40.0778],[-8.8826,40.0763],[-8.8845,40.0728],[-8.8854,40.07],[-8.888,40.0653],[-8.8897,40.0603],[-8.8907,40.059],[-8.892,40.0562],[-8.8913,40.0558],[-8.8922,40.0524],[-8.8949,40.0455],[-8.8943,40.0446],[-8.8915,40.0437],[-8.8902,40.0436],[-8.8875,40.0426],[-8.8834,40.0405],[-8.8815,40.0405],[-8.8788,40.0394],[-8.8772,40.0382],[-8.8721,40.0353],[-8.8706,40.0348],[-8.8698,40.0322],[-8.8685,40.0309],[-8.8666,40.0268],[-8.8668,40.0262],[-8.869,40.0244],[-8.8686,40.0234],[-8.8648,40.0233],[-8.8546,40.0235],[-8.8493,40.0233],[-8.8475,40.0236],[-8.846,40.0243],[-8.8444,40.0256],[-8.8417,40.0268],[-8.841,40.0279],[-8.8397,40.0285],[-8.8388,40.0283],[-8.8377,40.0267],[-8.8346,40.0258],[-8.8324,40.0255],[-8.8297,40.0246],[-8.8272,40.0233],[-8.8255,40.0218],[-8.8215,40.0211],[-8.8185,40.0209],[-8.8164,40.0177],[-8.8153,40.0165],[-8.813,40.016],[-8.8101,40.0159],[-8.804,40.0142],[-8.8005,40.0126],[-8.7984,40.0154],[-8.7979,40.0175],[-8.798,40.0194],[-8.7976,40.0214],[-8.7944,40.0262],[-8.79,40.0292],[-8.7886,40.0307],[-8.7866,40.0337],[-8.7843,40.0363],[-8.7824,40.0376],[-8.7793,40.0378],[-8.7772,40.0375],[-8.7725,40.0385],[-8.7682,40.0404],[-8.7663,40.0409],[-8.7638,40.0408],[-8.7625,40.0412],[-8.7609,40.0403],[-8.7577,40.0399],[-8.7546,40.0389],[-8.7518,40.0375],[-8.7484,40.0373],[-8.7458,40.0364],[-8.7453,40.0367],[-8.7432,40.0358],[-8.7389,40.0331],[-8.737,40.0324],[-8.7334,40.0319],[-8.7322,40.0322],[-8.7261,40.0316],[-8.7231,40.0308],[-8.7217,40.0309],[-8.7168,40.0308],[-8.7119,40.0301],[-8.7067,40.0292],[-8.7029,40.0275],[-8.7016,40.0276],[-8.6999,40.0289],[-8.6956,40.0298],[-8.6938,40.0285],[-8.6914,40.0273],[-8.6908,40.0265],[-8.6885,40.0277],[-8.6868,40.0269],[-8.6847,40.0272],[-8.6828,40.0284],[-8.6818,40.0287],[-8.6788,40.0282],[-8.6767,40.0298],[-8.6755,40.0301],[-8.6743,40.0295],[-8.673,40.0277],[-8.6722,40.0272],[-8.6707,40.0226],[-8.6685,40.0199],[-8.6688,40.0187],[-8.6664,40.0164],[-8.6599,40.0166],[-8.6572,40.0154],[-8.6564,40.0146],[-8.6538,40.0129],[-8.6522,40.0115],[-8.6508,40.0114],[-8.6492,40.0107],[-8.6476,40.0107],[-8.6463,40.0101],[-8.6411,40.0111],[-8.6401,40.0097],[-8.6432,40.0057],[-8.6429,40.0038],[-8.6447,40.0024],[-8.6439,40.0007],[-8.6423,39.9995],[-8.6436,39.9977],[-8.6441,39.9953],[-8.6433,39.9946],[-8.6448,39.9925],[-8.6449,39.9916],[-8.6429,39.9904],[-8.6391,39.9908],[-8.6334,39.9915],[-8.6297,39.9908],[-8.6249,39.9909],[-8.6205,39.9914],[-8.6162,39.9916],[-8.615,39.9923],[-8.6144,39.9944],[-8.6135,39.9968],[-8.6115,39.9984],[-8.6114,40.001],[-8.6119,40.0014],[-8.6085,40.0056],[-8.6068,40.0074],[-8.6038,40.01],[-8.6026,40.0107],[-8.6022,40.0116],[-8.6023,40.0143],[-8.601,40.0159],[-8.6008,40.0182],[-8.5983,40.0225],[-8.5939,40.0233],[-8.5927,40.024],[-8.5919,40.0274],[-8.5895,40.0281],[-8.5663,40.0282],[-8.5626,40.0282],[-8.5609,40.0277],[-8.557,40.0261],[-8.554,40.0252],[-8.5524,40.024],[-8.552,40.0223],[-8.5515,40.0161],[-8.5516,40.0091],[-8.5506,40.0013],[-8.5492,39.9965],[-8.5491,39.9867],[-8.5489,39.9844],[-8.5462,39.9823],[-8.5458,39.9811],[-8.5465,39.9781],[-8.5519,39.9726],[-8.5517,39.9616],[-8.5509,39.959],[-8.5483,39.9561],[-8.5447,39.9541],[-8.5433,39.953],[-8.5414,39.9502],[-8.5388,39.9488],[-8.535,39.951],[-8.5294,39.9561],[-8.5276,39.9582],[-8.5247,39.9628],[-8.5232,39.9666],[-8.5228,39.9695],[-8.523,39.9705],[-8.5214,39.9734],[-8.5207,39.9803],[-8.5228,39.9836],[-8.5223,39.9845],[-8.5177,39.9851],[-8.5163,39.9843],[-8.5144,39.9847],[-8.5117,39.9848],[-8.5088,39.9852],[-8.5071,39.9847],[-8.5033,39.9844],[-8.4976,39.9849],[-8.4938,39.9858],[-8.4906,39.9861],[-8.4904,39.9875],[-8.4878,39.9895],[-8.4865,39.9925],[-8.4836,39.9941],[-8.4806,39.9951],[-8.4794,39.9961],[-8.4741,39.9975],[-8.473,39.998],[-8.471,39.9996],[-8.4675,40.0018],[-8.4667,40.0031],[-8.4648,40.0036],[-8.4635,40.0037],[-8.4603,40.0057],[-8.4592,40.0071],[-8.4597,40.0088],[-8.4589,40.0096],[-8.4589,40.0109],[-8.4573,40.0124],[-8.4575,40.0178],[-8.4555,40.0156],[-8.4518,40.0153],[-8.4497,40.0141],[-8.4479,40.0139],[-8.4471,40.0112],[-8.4441,40.0105],[-8.4419,40.0104],[-8.4409,40.0091],[-8.4395,40.0081],[-8.4383,40.0064],[-8.4376,40.0065],[-8.4354,40.0042],[-8.4333,40.003],[-8.4314,39.999],[-8.4291,39.9988],[-8.428,39.9976],[-8.4271,39.9977],[-8.4248,39.9998],[-8.425,40.0019],[-8.4277,40.0037],[-8.4268,40.0042],[-8.4254,40.0064],[-8.4248,40.0068],[-8.4253,40.0083],[-8.4274,40.0081],[-8.4283,40.0067],[-8.4305,40.0074],[-8.4309,40.0088],[-8.4301,40.0098],[-8.4328,40.0118],[-8.4332,40.0127],[-8.4347,40.0133],[-8.436,40.0128],[-8.4369,40.0155],[-8.4344,40.0196],[-8.4351,40.0215],[-8.4327,40.0221],[-8.4306,40.024],[-8.4299,40.0253],[-8.4283,40.0257],[-8.4277,40.0266],[-8.426,40.0266],[-8.4256,40.0256],[-8.4244,40.0246],[-8.4232,40.0246],[-8.4215,40.023],[-8.4209,40.0203],[-8.4183,40.0197],[-8.4163,40.0186],[-8.4159,40.0171],[-8.4167,40.0156],[-8.4165,40.0144],[-8.4153,40.0143],[-8.4135,40.0128],[-8.412,40.0108],[-8.412,40.0097],[-8.411,40.0087],[-8.4093,40.0083],[-8.4094,40.0094],[-8.4105,40.0104],[-8.4091,40.0113],[-8.4083,40.0111],[-8.4084,40.0099],[-8.4066,40.0089],[-8.4073,40.0077],[-8.4068,40.006],[-8.4057,40.0054],[-8.4044,40.0058],[-8.4046,40.0037],[-8.4035,40.0017],[-8.4022,40.0009],[-8.4018,39.9988],[-8.4005,39.9956],[-8.4008,39.9935],[-8.3996,39.9896],[-8.3989,39.9882],[-8.4004,39.9836],[-8.4026,39.9786],[-8.4003,39.9778],[-8.3994,39.977],[-8.3973,39.9763],[-8.3948,39.9749],[-8.3897,39.9684],[-8.3871,39.965],[-8.3837,39.9596],[-8.3816,39.9575],[-8.3799,39.9554],[-8.381,39.9521],[-8.3809,39.9514],[-8.3859,39.9517],[-8.3881,39.9513],[-8.3904,39.9512],[-8.3925,39.9497],[-8.3917,39.9487],[-8.3919,39.9462],[-8.3928,39.9445],[-8.3923,39.9416],[-8.393,39.9377],[-8.3965,39.9357],[-8.4002,39.9348],[-8.4071,39.9347],[-8.4072,39.934],[-8.4084,39.9338],[-8.4089,39.9318],[-8.4069,39.932],[-8.4073,39.9297],[-8.4046,39.9289],[-8.4026,39.9279],[-8.4006,39.9275],[-8.3998,39.9262],[-8.3971,39.926],[-8.3929,39.9252],[-8.3916,39.9252],[-8.3896,39.9245],[-8.3884,39.9245],[-8.3858,39.9239],[-8.3854,39.9247],[-8.3835,39.925],[-8.3832,39.9258],[-8.3816,39.9273],[-8.3798,39.9275],[-8.3779,39.9252],[-8.3764,39.9245],[-8.3738,39.9238],[-8.3722,39.9241],[-8.3737,39.9269],[-8.3736,39.9322],[-8.3734,39.9327],[-8.3701,39.9333],[-8.3643,39.9353],[-8.3615,39.9352],[-8.3593,39.9356],[-8.3584,39.9366],[-8.3581,39.9392],[-8.3572,39.9414],[-8.3553,39.9434],[-8.3521,39.9435],[-8.3502,39.9455],[-8.3501,39.9462],[-8.3489,39.9465],[-8.3453,39.9493],[-8.3421,39.9525],[-8.3407,39.9534],[-8.3375,39.9541],[-8.3367,39.9557],[-8.3346,39.9569],[-8.3343,39.961],[-8.3264,39.9639],[-8.3266,39.9673],[-8.328,39.9693],[-8.3279,39.9699],[-8.3266,39.9702],[-8.326,39.9709],[-8.3263,39.9724],[-8.3254,39.9734],[-8.3253,39.9724],[-8.3243,39.9716],[-8.3237,39.9719],[-8.3221,39.971],[-8.3208,39.9717],[-8.3198,39.9713],[-8.3203,39.9727],[-8.3213,39.974],[-8.3187,39.9747],[-8.3186,39.9799],[-8.3199,39.983],[-8.3191,39.9849],[-8.3155,39.9869],[-8.3138,39.9887],[-8.312,39.9888],[-8.3108,39.9847],[-8.3099,39.9831],[-8.3094,39.98],[-8.3092,39.9775],[-8.3087,39.9761],[-8.307,39.9743],[-8.2988,39.9711],[-8.2964,39.9699],[-8.2926,39.9689],[-8.2853,39.9655],[-8.2826,39.9623],[-8.2796,39.9594],[-8.2786,39.9605],[-8.2783,39.9621],[-8.2796,39.9628],[-8.2802,39.962],[-8.2814,39.9622],[-8.2812,39.9638],[-8.2793,39.9635],[-8.2779,39.9653],[-8.279,39.9669],[-8.2804,39.9677],[-8.2797,39.9699],[-8.2776,39.9698],[-8.2757,39.9723],[-8.2755,39.9738],[-8.2735,39.9732],[-8.2721,39.9754],[-8.2724,39.9762],[-8.2741,39.9782],[-8.2746,39.9797],[-8.2765,39.9791],[-8.2781,39.9791],[-8.2786,39.9796],[-8.2783,39.9807],[-8.2763,39.9821],[-8.2741,39.9822],[-8.2737,39.9833],[-8.2704,39.9835],[-8.2706,39.9853],[-8.2726,39.9853],[-8.272,39.9879],[-8.2707,39.9887],[-8.2708,39.9894],[-8.2754,39.9894],[-8.2775,39.9899],[-8.2809,39.9916],[-8.2827,39.9921],[-8.2833,39.9937],[-8.2853,39.9955],[-8.2889,39.9978],[-8.2897,39.9986],[-8.2912,40.0012],[-8.2917,40.003],[-8.2925,40.0042],[-8.298,40.0094],[-8.2976,40.0107],[-8.2969,40.0156],[-8.2963,40.0165],[-8.293,40.0174],[-8.2887,40.0213],[-8.288,40.0223],[-8.288,40.025],[-8.2868,40.0261],[-8.2852,40.0272],[-8.2811,40.0308],[-8.2815,40.0327],[-8.2828,40.0343],[-8.282,40.0364],[-8.2801,40.0379],[-8.2761,40.0419],[-8.2758,40.0454],[-8.2732,40.0469],[-8.2718,40.048],[-8.2711,40.0496],[-8.2688,40.0511],[-8.2641,40.0531],[-8.2631,40.0536],[-8.2628,40.0522],[-8.2618,40.0522],[-8.2591,40.053],[-8.257,40.0531],[-8.2555,40.0525],[-8.2516,40.0535],[-8.2493,40.0547],[-8.2467,40.0573],[-8.246,40.0615],[-8.2456,40.062],[-8.2422,40.064],[-8.2429,40.0652],[-8.2432,40.0668],[-8.2422,40.0673],[-8.2397,40.0673],[-8.2334,40.0671],[-8.2315,40.0664],[-8.228,40.0639],[-8.2204,40.0593],[-8.2181,40.0573],[-8.2163,40.056],[-8.2097,40.0521],[-8.2087,40.0529],[-8.2082,40.0557],[-8.2087,40.0581],[-8.2073,40.0592],[-8.2059,40.0607],[-8.2053,40.063],[-8.204,40.0642],[-8.2014,40.0648],[-8.201,40.0663],[-8.2001,40.0673],[-8.1981,40.0687],[-8.196,40.0693],[-8.194,40.0703],[-8.1911,40.0737],[-8.1898,40.0767],[-8.1884,40.0794],[-8.1842,40.0841],[-8.1831,40.0856],[-8.1791,40.0897]]]}},{"type":"Feature","properties":{"tipo":"limites"},"geometry":{"type":"MultiLineString","coordinates":[[[-7.8255,40.2663],[-7.827,40.2659],[-7.8291,40.2643],[-7.8341,40.2621],[-7.839,40.2604],[-7.8425,40.2595],[-7.8437,40.2596],[-7.8471,40.2611],[-7.85,40.2639],[-7.8505,40.2653],[-7.8518,40.2672],[-7.8538,40.2687],[-7.8551,40.2705],[-7.8572,40.2717],[-7.8587,40.2717],[-7.8635,40.273],[-7.8641,40.2738],[-7.8659,40.275],[-7.8694,40.2757],[-7.8712,40.2766],[-7.8754,40.2778],[-7.8763,40.2795],[-7.8796,40.28],[-7.8835,40.2814],[-7.883,40.2853],[-7.8838,40.2854],[-7.8862,40.2842],[-7.8895,40.2832],[-7.8947,40.2823],[-7.9024,40.2813],[-7.9026,40.2821],[-7.9044,40.2827],[-7.9111,40.2863],[-7.9139,40.2866],[-7.9184,40.2856],[-7.9207,40.2857],[-7.9205,40.2878],[-7.9213,40.2889],[-7.9221,40.2916],[-7.9217,40.2932],[-7.9223,40.294],[-7.9253,40.2933],[-7.9273,40.2909],[-7.9296,40.2904],[-7.933,40.29],[-7.9365,40.2899],[-7.9376,40.2895],[-7.9388,40.2885],[-7.9397,40.2867],[-7.9412,40.2865],[-7.9447,40.2837],[-7.9459,40.2833],[-7.9483,40.2841],[-7.9494,40.2849],[-7.9497,40.2862],[-7.9483,40.2873],[-7.9456,40.2909],[-7.9443,40.2913],[-7.943,40.2928],[-7.9431,40.2935],[-7.9449,40.2948],[-7.9484,40.2963],[-7.9479,40.2979],[-7.9468,40.2988],[-7.946,40.3003],[-7.9479,40.3018],[-7.9525,40.3003],[-7.9544,40.2983],[-7.9569,40.2965],[-7.9585,40.2974],[-7.9617,40.297],[-7.9636,40.2981],[-7.9646,40.3007],[-7.9657,40.3025],[-7.9673,40.3041],[-7.9676,40.3031],[-7.9702,40.3014],[-7.9697,40.2992],[-7.9723,40.2986],[-7.9718,40.2979],[-7.9748,40.296],[-7.9765,40.2946],[-7.9756,40.2941],[-7.9766,40.2928],[-7.9764,40.2918],[-7.9779,40.2909],[-7.9777,40.2895],[-7.9804,40.2871],[-7.9826,40.286],[-7.9847,40.2845],[-7.9866,40.2855],[-7.9887,40.2859],[-7.9907,40.2868],[-7.9939,40.2873],[-7.9961,40.2881],[-7.9987,40.2865],[-8.002,40.2829],[-7.9994,40.2798],[-7.9993,40.278],[-7.9977,40.2773],[-7.997,40.2762],[-7.9974,40.2742],[-7.9995,40.2734],[-8,40.2725],[-7.9997,40.2712],[-8.0008,40.2694],[-8.0031,40.2685],[-8.0042,40.2654],[-8.0056,40.2646],[-8.0076,40.2639],[-8.0085,40.261],[-8.0109,40.2602],[-8.0147,40.2612],[-8.0154,40.2623],[-8.0148,40.264],[-8.0151,40.2665],[-8.016,40.2666],[-8.0177,40.2639],[-8.0181,40.2616],[-8.0179,40.2581],[-8.0192,40.2568],[-8.0249,40.2553],[-8.0288,40.2551],[-8.0286,40.2559],[-8.0266,40.2571],[-8.0265,40.2599],[-8.0278,40.2606],[-8.033,40.2581],[-8.0337,40.2575],[-8.0344,40.2542],[-8.0344,40.2525],[-8.0362,40.2498],[-8.0365,40.2486],[-8.0383,40.2445],[-8.0393,40.2429],[-8.0404,40.2418],[-8.0434,40.2407],[-8.0445,40.241],[-8.0472,40.2436],[-8.0482,40.244],[-8.0499,40.2437],[-8.0516,40.2427],[-8.0537,40.2462],[-8.0552,40.2494],[-8.0564,40.2503],[-8.0588,40.2509],[-8.0608,40.252],[-8.0629,40.2549],[-8.0644,40.2588],[-8.0646,40.2602],[-8.0662,40.2634],[-8.0678,40.2654],[-8.0692,40.2679],[-8.0729,40.2728],[-8.0762,40.2759],[-8.0773,40.2753],[-8.0817,40.2724],[-8.0842,40.2705],[-8.0862,40.2678],[-8.0858,40.2654],[-8.088,40.2638],[-8.0887,40.2629],[-8.0883,40.2618],[-8.0919,40.2608],[-8.0937,40.2601],[-8.0947,40.2618],[-8.0955,40.2638],[-8.0975,40.2659],[-8.1003,40.2669],[-8.1024,40.2672],[-8.1048,40.266],[-8.1076,40.2692],[-8.108,40.2705],[-8.1067,40.2739],[-8.1062,40.2763],[-8.1053,40.2777],[-8.1051,40.2795],[-8.1124,40.2844],[-8.1124,40.2865],[-8.1113,40.2887],[-8.1113,40.2914],[-8.1116,40.2923],[-8.1113,40.2935],[-8.1102,40.294],[-8.1089,40.2954],[-8.1086,40.2969],[-8.1104,40.2995],[-8.1104,40.3006],[-8.1119,40.3013],[-8.1154,40.3014],[-8.1156,40.3003],[-8.1166,40.2998],[-8.1191,40.2999],[-8.1204,40.2988],[-8.1242,40.298],[-8.1275,40.2985],[-8.1314,40.2975],[-8.1322,40.2966],[-8.1353,40.2956],[-8.1398,40.2906],[-8.1405,40.2891],[-8.1404,40.2882],[-8.1426,40.2878],[-8.1449,40.2891],[-8.1478,40.289],[-8.1495,40.2894],[-8.1547,40.2882],[-8.1569,40.2871],[-8.1599,40.2862],[-8.1601,40.2853],[-8.1614,40.2839],[-8.161,40.2821],[-8.1601,40.2815],[-8.1603,40.2787],[-8.1608,40.2773],[-8.1628,40.2757],[-8.1633,40.2744],[-8.163,40.2731],[-8.162,40.272],[-8.1617,40.2706],[-8.1644,40.2687],[-8.1654,40.2687],[-8.1659,40.2668],[-8.1672,40.2657],[-8.1679,40.2645],[-8.1697,40.2641],[-8.1744,40.2618],[-8.1751,40.2613],[-8.1753,40.2595],[-8.1764,40.2583],[-8.1799,40.259],[-8.181,40.2597],[-8.1838,40.2596],[-8.1853,40.259],[-8.1872,40.2592],[-8.1908,40.2586],[-8.1932,40.2585],[-8.1932,40.2567],[-8.1941,40.2562],[-8.1947,40.2566],[-8.1946,40.2584],[-8.1974,40.2588],[-8.1987,40.2603],[-8.2007,40.2598],[-8.2036,40.2581],[-8.2069,40.2572],[-8.2074,40.2559],[-8.2066,40.2542],[-8.2057,40.254],[-8.201,40.2547],[-8.1995,40.2528],[-8.1957,40.2505],[-8.1948,40.2494],[-8.1942,40.2455],[-8.1927,40.2456],[-8.192,40.2467],[-8.1929,40.2488],[-8.1925,40.2498],[-8.1902,40.2506],[-8.1876,40.2497],[-8.1871,40.2486],[-8.1876,40.2474],[-8.1889,40.2463],[-8.1887,40.2453],[-8.1875,40.2441],[-8.1853,40.2438],[-8.1841,40.2445],[-8.1834,40.2462],[-8.1816,40.2484],[-8.1813,40.2507],[-8.1797,40.2515],[-8.1757,40.2515],[-8.1755,40.2512],[-8.1772,40.2498],[-8.1775,40.2489],[-8.1769,40.2478],[-8.177,40.2468],[-8.1784,40.2462],[-8.1785,40.2456],[-8.177,40.2451],[-8.1742,40.2453],[-8.1708,40.2479],[-8.1681,40.2489],[-8.165,40.2494],[-8.1636,40.2493],[-8.1654,40.2478],[-8.1709,40.2427],[-8.175,40.2379],[-8.1768,40.2368],[-8.1791,40.2369],[-8.1819,40.2363],[-8.1822,40.2343],[-8.1844,40.2326],[-8.1872,40.2311],[-8.1867,40.2294],[-8.1847,40.2279],[-8.1844,40.2272],[-8.1827,40.2266],[-8.1821,40.2249],[-8.18,40.2243],[-8.1775,40.2231],[-8.1762,40.223],[-8.1761,40.2221],[-8.1777,40.2198],[-8.1766,40.218],[-8.1778,40.2157],[-8.1762,40.213],[-8.1765,40.2115],[-8.1753,40.211],[-8.1746,40.2087],[-8.1739,40.2076],[-8.1736,40.2055],[-8.1728,40.2047],[-8.1713,40.2067],[-8.1703,40.209],[-8.1675,40.2118],[-8.1652,40.2129],[-8.1533,40.2114],[-8.1469,40.2104],[-8.1442,40.2111],[-8.1429,40.2107],[-8.1403,40.2091],[-8.1351,40.2083],[-8.1347,40.208],[-8.1346,40.2053],[-8.1341,40.2041],[-8.1319,40.203],[-8.1286,40.2025],[-8.1261,40.2029],[-8.1235,40.2026],[-8.122,40.2016],[-8.1222,40.1984],[-8.1219,40.1969],[-8.1208,40.1949],[-8.1167,40.1967],[-8.1118,40.1975],[-8.1074,40.1976],[-8.1035,40.1987],[-8.0988,40.2007],[-8.097,40.2008],[-8.0959,40.1974],[-8.092,40.1947],[-8.0922,40.1924],[-8.0919,40.1898],[-8.09,40.189],[-8.0866,40.1886],[-8.0843,40.1877],[-8.082,40.1873],[-8.082,40.1822],[-8.081,40.1813],[-8.0806,40.1799],[-8.0778,40.1788],[-8.0755,40.1777],[-8.0749,40.1751],[-8.0745,40.1723],[-8.0732,40.1722],[-8.0717,40.1712],[-8.0673,40.1702],[-8.0652,40.169],[-8.0628,40.1672],[-8.0608,40.1683],[-8.0573,40.1708],[-8.0554,40.1716],[-8.0487,40.1709],[-8.0482,40.1697],[-8.0464,40.1684],[-8.044,40.169],[-8.0414,40.1694],[-8.0379,40.172],[-8.0365,40.1722],[-8.0353,40.1731],[-8.0324,40.1738],[-8.0271,40.1721],[-8.0258,40.1721],[-8.0238,40.1731],[-8.02,40.1738],[-8.0158,40.1732],[-8.0133,40.1719],[-8.0082,40.1732],[-8.0042,40.1739],[-8.0028,40.1764],[-8.0022,40.1786],[-8.0012,40.1812],[-8.0011,40.186],[-7.9992,40.1871],[-7.9978,40.1884],[-7.9959,40.1887],[-7.9933,40.1859],[-7.9905,40.1837],[-7.9885,40.1811],[-7.9849,40.1778],[-7.9843,40.1769],[-7.9835,40.1719],[-7.9828,40.1715],[-7.9833,40.1704],[-7.9835,40.168],[-7.9852,40.1672],[-7.986,40.1656],[-7.986,40.1644],[-7.9868,40.1628],[-7.9882,40.1612],[-7.9883,40.1598],[-7.9892,40.1582],[-7.9907,40.1563],[-7.9886,40.1546],[-7.9894,40.1538],[-7.989,40.153],[-7.9896,40.1519],[-7.9892,40.151],[-7.9903,40.1505],[-7.989,40.1487],[-7.9908,40.1471],[-7.9915,40.1456],[-7.991,40.1447],[-7.992,40.1421],[-7.9949,40.1394],[-7.9955,40.1374],[-7.9943,40.1367],[-7.9927,40.1376],[-7.9922,40.1395],[-7.9915,40.1404],[-7.9881,40.1393],[-7.9867,40.1382],[-7.9854,40.1379],[-7.985,40.1397],[-7.9842,40.1396],[-7.9836,40.1383],[-7.9819,40.1365],[-7.9811,40.1363],[-7.9792,40.1373],[-7.9791,40.139],[-7.9776,40.1398],[-7.9772,40.1401],[-7.9759,40.1392],[-7.9723,40.1378],[-7.9711,40.1381],[-7.97,40.1394],[-7.9698,40.1411],[-7.9685,40.1418],[-7.9665,40.142],[-7.9649,40.1425],[-7.9639,40.1438],[-7.9643,40.1447],[-7.9654,40.1446],[-7.9671,40.1435],[-7.9679,40.1441],[-7.9651,40.1458],[-7.9634,40.1479],[-7.9622,40.1489],[-7.9627,40.1505],[-7.9642,40.151],[-7.9644,40.1516],[-7.9633,40.1523],[-7.961,40.1527],[-7.9606,40.1511],[-7.9597,40.1527],[-7.9589,40.1533],[-7.9572,40.152],[-7.9563,40.1517],[-7.955,40.1531],[-7.9542,40.1535],[-7.9526,40.1533],[-7.9504,40.154],[-7.9481,40.1532],[-7.9472,40.1538],[-7.9486,40.1542],[-7.9497,40.1551],[-7.9496,40.1563],[-7.9482,40.1572],[-7.9494,40.1579],[-7.9508,40.1579],[-7.951,40.159],[-7.9497,40.1598],[-7.9494,40.161],[-7.9479,40.1624],[-7.9469,40.1617],[-7.9478,40.1608],[-7.9473,40.1604],[-7.9451,40.1617],[-7.9438,40.1604],[-7.9429,40.1611],[-7.943,40.1633],[-7.9412,40.1642],[-7.9399,40.1663],[-7.9381,40.1671],[-7.937,40.1687],[-7.9367,40.17],[-7.9353,40.1703],[-7.9326,40.1698],[-7.9306,40.1701],[-7.9295,40.1687],[-7.9286,40.1688],[-7.9271,40.1701],[-7.9262,40.1701],[-7.9239,40.1686],[-7.9228,40.1691],[-7.9195,40.1724],[-7.9182,40.1734],[-7.9177,40.173],[-7.9159,40.1737],[-7.9133,40.1742],[-7.912,40.1754],[-7.9111,40.1752],[-7.9104,40.1761],[-7.911,40.1795],[-7.9106,40.1807],[-7.9078,40.1819],[-7.9056,40.1832],[-7.904,40.1838],[-7.9039,40.1854],[-7.9032,40.1857],[-7.9022,40.1877],[-7.902,40.1902],[-7.9033,40.191],[-7.9018,40.1929],[-7.9019,40.1934],[-7.8994,40.1958],[-7.8999,40.1969],[-7.8982,40.1975],[-7.8964,40.2015],[-7.8945,40.2023],[-7.8932,40.2024],[-7.8923,40.2032],[-7.8915,40.2054],[-7.8917,40.2063],[-7.8886,40.208],[-7.8881,40.2089],[-7.8849,40.2096],[-7.8841,40.2105],[-7.8826,40.2109],[-7.8778,40.2102],[-7.8765,40.2104],[-7.8758,40.2097],[-7.8753,40.2073],[-7.8739,40.2054],[-7.8731,40.2036],[-7.8733,40.2026],[-7.8755,40.197],[-7.8746,40.1941],[-7.872,40.1922],[-7.8678,40.1901],[-7.8655,40.1898],[-7.8632,40.1909],[-7.8598,40.1918],[-7.8539,40.1941],[-7.8499,40.1943],[-7.849,40.1936],[-7.8452,40.1896],[-7.8431,40.1885],[-7.843,40.1874],[-7.841,40.1879],[-7.8402,40.1878],[-7.8402,40.1867],[-7.8394,40.1863],[-7.8379,40.189],[-7.8376,40.1908],[-7.8377,40.1941],[-7.8374,40.1965],[-7.8352,40.1984],[-7.8334,40.1993],[-7.8307,40.2013],[-7.8292,40.2029],[-7.828,40.2035],[-7.8251,40.2024],[-7.8221,40.2002],[-7.8189,40.1987],[-7.8182,40.1979],[-7.8176,40.1961],[-7.8139,40.1954],[-7.8109,40.1908],[-7.8081,40.1846],[-7.809,40.1818]],[[-8.8463,40.3269],[-8.8425,40.3259],[-8.8318,40.3203],[-8.8289,40.3188],[-8.8179,40.3129],[-8.8166,40.3125],[-8.8137,40.3112],[-8.8123,40.3102],[-8.7864,40.2963],[-8.7863,40.2954],[-8.7834,40.2967],[-8.777,40.2967],[-8.7739,40.2964],[-8.7719,40.2949],[-8.7688,40.2941],[-8.763,40.2924],[-8.7569,40.2911],[-8.7552,40.291],[-8.7502,40.2913],[-8.7415,40.292],[-8.742,40.2935],[-8.7408,40.2945],[-8.7413,40.2966],[-8.7435,40.2993],[-8.747,40.3066],[-8.7462,40.3099],[-8.7452,40.311],[-8.7354,40.3094],[-8.7317,40.3085],[-8.7295,40.3082],[-8.7275,40.3067],[-8.7258,40.3061],[-8.7232,40.3059],[-8.7219,40.3053],[-8.7171,40.3054],[-8.7131,40.3054],[-8.7071,40.3049],[-8.6978,40.3044],[-8.6925,40.3039],[-8.6873,40.3017],[-8.6852,40.302],[-8.6835,40.3017],[-8.6782,40.3],[-8.6755,40.2999],[-8.6683,40.2992],[-8.6577,40.2993],[-8.6544,40.2995],[-8.6529,40.2985],[-8.6509,40.298],[-8.6504,40.2999],[-8.6472,40.3013],[-8.6442,40.3018],[-8.6415,40.3012],[-8.638,40.3013],[-8.6362,40.3003],[-8.6338,40.3035],[-8.633,40.3029],[-8.6311,40.3002],[-8.6297,40.2969],[-8.6288,40.2964],[-8.6316,40.293],[-8.6264,40.2897],[-8.6237,40.2879],[-8.6144,40.2822],[-8.6132,40.2805],[-8.6152,40.2788],[-8.616,40.2776],[-8.6166,40.2777],[-8.6184,40.2766],[-8.6148,40.2742],[-8.6129,40.2741],[-8.6089,40.2732],[-8.6086,40.2723],[-8.6077,40.2728],[-8.604,40.274],[-8.6029,40.2747],[-8.5994,40.2759],[-8.5975,40.2777],[-8.5966,40.2799],[-8.5956,40.2809],[-8.5942,40.2816],[-8.5884,40.2824],[-8.5871,40.2837],[-8.5857,40.2843],[-8.5828,40.2862],[-8.5772,40.2883],[-8.5761,40.2881],[-8.575,40.2891],[-8.5737,40.2892],[-8.5725,40.2912],[-8.5697,40.2922],[-8.5681,40.292],[-8.5661,40.2923],[-8.5651,40.2912],[-8.5616,40.2901],[-8.5627,40.2887],[-8.5639,40.2886],[-8.5651,40.2878],[-8.5653,40.287],[-8.5644,40.2834],[-8.5632,40.281],[-8.5624,40.2771],[-8.5618,40.2752],[-8.5629,40.2737],[-8.5605,40.2723],[-8.5608,40.2685],[-8.5603,40.267],[-8.5583,40.2651],[-8.5578,40.2638],[-8.5552,40.2606],[-8.5535,40.2592],[-8.5529,40.2578],[-8.5535,40.2546],[-8.5535,40.2534],[-8.5519,40.2526],[-8.5513,40.2518],[-8.5502,40.252],[-8.5493,40.2516],[-8.5482,40.2519],[-8.5463,40.2515],[-8.545,40.2491],[-8.5441,40.2486],[-8.5413,40.2453],[-8.531,40.2514],[-8.526,40.2534],[-8.5207,40.2557],[-8.5167,40.2554],[-8.5127,40.2528],[-8.5114,40.2526],[-8.5084,40.2511],[-8.5047,40.25],[-8.5032,40.2487],[-8.5017,40.2468],[-8.5012,40.2468],[-8.5008,40.2488],[-8.5016,40.2541],[-8.5004,40.2562],[-8.4996,40.2583],[-8.5011,40.2603],[-8.5001,40.2637],[-8.4987,40.2647],[-8.4985,40.2659],[-8.4974,40.2669],[-8.4949,40.2684],[-8.4946,40.2712],[-8.4977,40.2725],[-8.5005,40.2724],[-8.5011,40.2746],[-8.502,40.2752],[-8.5021,40.2769],[-8.5029,40.278],[-8.5053,40.2799],[-8.5057,40.2815],[-8.5065,40.2827],[-8.5083,40.2839],[-8.5089,40.2853],[-8.5079,40.286],[-8.5077,40.2894],[-8.5094,40.2893],[-8.5119,40.2909],[-8.5165,40.2912],[-8.5208,40.2919],[-8.5237,40.2906],[-8.5253,40.292],[-8.5259,40.294],[-8.5255,40.2969],[-8.5255,40.2995],[-8.5274,40.303],[-8.5275,40.3066],[-8.5287,40.3096],[-8.5299,40.3156],[-8.5273,40.315],[-8.5247,40.3153],[-8.5216,40.3145],[-8.5195,40.3141],[-8.5173,40.3134],[-8.516,40.3125],[-8.5138,40.3123],[-8.5103,40.3123],[-8.5075,40.3126],[-8.4991,40.3139],[-8.4949,40.3154],[-8.492,40.3156],[-8.4864,40.3149],[-8.485,40.3153],[-8.4852,40.322],[-8.4856,40.3266],[-8.4853,40.3281],[-8.4859,40.332],[-8.487,40.3344],[-8.4885,40.3366],[-8.4904,40.3383],[-8.4918,40.3457],[-8.4896,40.3487],[-8.489,40.3514],[-8.4871,40.3562],[-8.4833,40.3628],[-8.4833,40.3658],[-8.4856,40.3666],[-8.4873,40.3687],[-8.484,40.3711],[-8.4837,40.373],[-8.4822,40.3753],[-8.481,40.3758],[-8.4842,40.3783],[-8.4842,40.3801],[-8.4837,40.3816],[-8.4822,40.3845],[-8.4813,40.3855],[-8.483,40.3888],[-8.4861,40.3911],[-8.4897,40.3932],[-8.4934,40.396],[-8.4969,40.396],[-8.4971,40.3976],[-8.4986,40.4001],[-8.5004,40.4003],[-8.5019,40.3993],[-8.5037,40.3993],[-8.5048,40.4001],[-8.5049,40.4035],[-8.5055,40.4049],[-8.5081,40.4075],[-8.5062,40.4126],[-8.5061,40.4144],[-8.5053,40.4161]],[[-8.6867,40.4403],[-8.6872,40.4401],[-8.6833,40.4363],[-8.6839,40.4342],[-8.6851,40.432],[-8.6842,40.4287],[-8.6835,40.4288],[-8.6823,40.4274],[-8.682,40.4242],[-8.6841,40.4238],[-8.687,40.4248],[-8.6911,40.4245],[-8.6922,40.4248],[-8.6927,40.4231],[-8.6923,40.4223],[-8.6924,40.4203],[-8.6911,40.4185],[-8.6899,40.4144],[-8.688,40.4136],[-8.6882,40.4132],[-8.6877,40.4104],[-8.6871,40.4089],[-8.6875,40.4069],[-8.69,40.4046],[-8.6896,40.4042],[-8.6942,40.401],[-8.6965,40.4002],[-8.6965,40.3987],[-8.6974,40.3985],[-8.6994,40.3947],[-8.6985,40.3931],[-8.6992,40.3914],[-8.6997,40.3915],[-8.7005,40.3894],[-8.7022,40.3878],[-8.7021,40.3857],[-8.7015,40.3849],[-8.7018,40.3817],[-8.7022,40.3808],[-8.7037,40.3792],[-8.7031,40.3789],[-8.7037,40.3755],[-8.7058,40.3724],[-8.7082,40.3716],[-8.7122,40.3717],[-8.7135,40.371],[-8.7171,40.3715],[-8.7186,40.3719],[-8.7242,40.3722],[-8.7264,40.372],[-8.7317,40.3743],[-8.735,40.3769],[-8.7373,40.3771],[-8.7394,40.3769],[-8.748,40.3774],[-8.7515,40.3772],[-8.7572,40.3765],[-8.7609,40.3763],[-8.7678,40.3768],[-8.769,40.3767],[-8.7763,40.3789],[-8.8044,40.3846],[-8.8156,40.3868],[-8.8257,40.3889]],[[-8.5884,40.2824],[-8.5881,40.2816],[-8.5885,40.2794],[-8.5884,40.2762],[-8.5873,40.2746],[-8.5878,40.2731],[-8.587,40.2722],[-8.587,40.2712],[-8.5888,40.2686],[-8.5891,40.2673],[-8.5905,40.2646],[-8.5917,40.2636],[-8.5889,40.2625],[-8.5876,40.261],[-8.5873,40.2596],[-8.5854,40.2575],[-8.585,40.2534],[-8.5827,40.2505],[-8.5835,40.2495],[-8.5827,40.2475],[-8.5805,40.2452],[-8.5764,40.2425],[-8.5757,40.2412],[-8.5755,40.2393],[-8.5767,40.2362],[-8.5768,40.2348],[-8.5776,40.233],[-8.5776,40.2312],[-8.5769,40.229],[-8.5768,40.227],[-8.5741,40.2222],[-8.5721,40.2207],[-8.5708,40.2187],[-8.5695,40.2179],[-8.5692,40.2156],[-8.5673,40.2157],[-8.5651,40.2155],[-8.5598,40.2155],[-8.5534,40.2149],[-8.5516,40.2148],[-8.5515,40.2137],[-8.5502,40.2102],[-8.5488,40.204],[-8.5475,40.1997],[-8.5595,40.1972],[-8.5606,40.1956],[-8.5612,40.1938],[-8.5614,40.1907],[-8.5622,40.1896],[-8.5619,40.1887],[-8.5618,40.1857],[-8.5632,40.1831],[-8.5627,40.1812],[-8.5641,40.1802],[-8.5629,40.1782],[-8.563,40.1772],[-8.562,40.1766],[-8.5599,40.1729],[-8.5582,40.1707],[-8.5577,40.1696],[-8.556,40.1682],[-8.5564,40.166],[-8.556,40.1644],[-8.5548,40.1615],[-8.5535,40.159],[-8.5527,40.1556],[-8.5513,40.1537],[-8.5491,40.1525],[-8.5497,40.1541],[-8.5494,40.1552],[-8.5476,40.1564],[-8.5484,40.1602],[-8.5481,40.1628],[-8.5489,40.1653],[-8.5494,40.1657],[-8.5487,40.167],[-8.5488,40.1686],[-8.5476,40.17],[-8.5476,40.1715],[-8.547,40.1723],[-8.5464,40.1765],[-8.5454,40.1785],[-8.5438,40.1782],[-8.541,40.1769],[-8.5371,40.1747],[-8.5345,40.1728],[-8.533,40.1706],[-8.5311,40.1695],[-8.5301,40.1708],[-8.5295,40.1709],[-8.5265,40.1698],[-8.5235,40.1689],[-8.5224,40.1681],[-8.521,40.1663],[-8.5195,40.1652],[-8.5167,40.1642],[-8.5123,40.1635],[-8.5093,40.1623],[-8.5088,40.1607],[-8.5072,40.16],[-8.5037,40.16],[-8.5003,40.1604],[-8.4989,40.161],[-8.4946,40.1644],[-8.4921,40.1661],[-8.4888,40.1648],[-8.4876,40.1646],[-8.4854,40.1632],[-8.4854,40.1538],[-8.4856,40.1513],[-8.4876,40.1508],[-8.4907,40.1492],[-8.4914,40.1481],[-8.4925,40.1474],[-8.4926,40.1445],[-8.4939,40.1411],[-8.4935,40.141],[-8.494,40.1338],[-8.4946,40.1315],[-8.4972,40.1245],[-8.4948,40.1246],[-8.4928,40.1243],[-8.4909,40.1245],[-8.4831,40.1246],[-8.4817,40.121],[-8.4815,40.1194],[-8.4795,40.1186],[-8.4698,40.1155],[-8.4656,40.1136],[-8.4639,40.1133],[-8.4608,40.1171],[-8.4589,40.1176],[-8.457,40.1173],[-8.4552,40.1163],[-8.4524,40.116],[-8.4489,40.1167],[-8.4462,40.1181],[-8.4456,40.1204],[-8.4391,40.1205],[-8.4328,40.1204],[-8.4323,40.1219],[-8.4313,40.1262],[-8.4294,40.1261],[-8.4259,40.1268],[-8.424,40.1291],[-8.4208,40.1285],[-8.4191,40.1264],[-8.4144,40.1229],[-8.4125,40.1228],[-8.4116,40.1217],[-8.4099,40.1211],[-8.4078,40.1217],[-8.4069,40.1202],[-8.4084,40.1196],[-8.4098,40.1184],[-8.4094,40.1161],[-8.4075,40.1153],[-8.4051,40.1135],[-8.4049,40.1121],[-8.4059,40.1115],[-8.4047,40.1088],[-8.4052,40.108],[-8.4068,40.1068],[-8.4062,40.1041],[-8.4054,40.1029],[-8.4034,40.1016],[-8.4028,40.1005],[-8.4036,40.0989],[-8.4007,40.1002],[-8.3933,40.1027],[-8.3883,40.1054],[-8.3855,40.1064],[-8.383,40.1081],[-8.3812,40.1087],[-8.3791,40.1111],[-8.3781,40.1137],[-8.3752,40.1138],[-8.3724,40.1147],[-8.3697,40.115],[-8.367,40.1149],[-8.3651,40.1152],[-8.3639,40.116],[-8.364,40.1168],[-8.3627,40.1178],[-8.3623,40.1195],[-8.3606,40.1215],[-8.3606,40.1224],[-8.3633,40.1239],[-8.3641,40.1251],[-8.3611,40.1243],[-8.3593,40.1249],[-8.3597,40.1278],[-8.359,40.1298],[-8.3583,40.1304],[-8.3584,40.1321],[-8.3597,40.1341],[-8.3607,40.1368],[-8.3606,40.1379],[-8.3624,40.1385],[-8.3639,40.1397],[-8.3654,40.138],[-8.3667,40.1387],[-8.3691,40.1388],[-8.3698,40.1398],[-8.3691,40.1407],[-8.3669,40.1402],[-8.3652,40.1408],[-8.3675,40.1417],[-8.3693,40.1418],[-8.3703,40.1431],[-8.3725,40.1434],[-8.3731,40.144],[-8.3715,40.1442],[-8.3725,40.146],[-8.373,40.1482],[-8.3752,40.1482],[-8.3769,40.1471],[-8.3781,40.1472],[-8.379,40.1481],[-8.3774,40.1487],[-8.3755,40.1505],[-8.3753,40.1516],[-8.3742,40.152],[-8.3738,40.1539],[-8.3739,40.1553],[-8.3753,40.1557],[-8.3757,40.1551],[-8.3777,40.1543],[-8.3789,40.1541],[-8.3796,40.155],[-8.3787,40.1556],[-8.3783,40.1568],[-8.3764,40.1573],[-8.3746,40.1566],[-8.369,40.1577],[-8.3686,40.1595],[-8.3648,40.1615],[-8.3638,40.1622],[-8.3609,40.1611],[-8.3589,40.1596],[-8.3566,40.1583],[-8.3555,40.1588],[-8.3527,40.1557],[-8.3526,40.1543],[-8.3515,40.1524],[-8.3515,40.1535],[-8.3497,40.1557],[-8.348,40.1562],[-8.3496,40.1585],[-8.3536,40.1615],[-8.3544,40.1613],[-8.3597,40.1627],[-8.3621,40.1639],[-8.3624,40.1662],[-8.365,40.1685],[-8.3653,40.1703],[-8.3665,40.1717],[-8.3668,40.1729],[-8.368,40.1748],[-8.3679,40.1783],[-8.3671,40.1789],[-8.3672,40.1811],[-8.3651,40.1821],[-8.3638,40.1831],[-8.3609,40.1823],[-8.3587,40.1832],[-8.357,40.1833],[-8.3555,40.182],[-8.3529,40.1814],[-8.3506,40.1825],[-8.3487,40.1826],[-8.3464,40.1833],[-8.3461,40.1839],[-8.3464,40.1872],[-8.3452,40.1892],[-8.3465,40.1913],[-8.3468,40.1925],[-8.3465,40.194],[-8.3445,40.1944],[-8.3428,40.1942],[-8.34,40.1933],[-8.3368,40.1938],[-8.3345,40.1937],[-8.3296,40.1925],[-8.3266,40.1923],[-8.3224,40.1918],[-8.3209,40.1918],[-8.3153,40.1913],[-8.3129,40.1909],[-8.3166,40.1946],[-8.3199,40.1983],[-8.3194,40.202],[-8.3194,40.2045],[-8.3149,40.2048],[-8.3154,40.2057],[-8.3148,40.2064],[-8.3151,40.2085],[-8.3188,40.208],[-8.3205,40.2076],[-8.3224,40.2081],[-8.3243,40.2096],[-8.3264,40.2117],[-8.331,40.2136],[-8.3361,40.2147],[-8.3385,40.2165],[-8.339,40.2178],[-8.3403,40.2186],[-8.3412,40.2201],[-8.3435,40.2213],[-8.3448,40.2224],[-8.3466,40.2231],[-8.3495,40.2263],[-8.3514,40.2281],[-8.3518,40.2294],[-8.3536,40.2313],[-8.355,40.2336],[-8.3578,40.2342],[-8.3574,40.2361],[-8.3598,40.2376],[-8.3608,40.2389],[-8.3609,40.2397],[-8.3625,40.242],[-8.3625,40.2441],[-8.3636,40.2454],[-8.3643,40.2477],[-8.3643,40.249],[-8.3634,40.2496],[-8.3612,40.2518],[-8.3603,40.2543],[-8.3593,40.2551],[-8.3599,40.2576],[-8.3597,40.2618],[-8.3599,40.2632],[-8.359,40.2642],[-8.3564,40.2652],[-8.3537,40.2682],[-8.3538,40.2686],[-8.3602,40.2712],[-8.363,40.2735],[-8.3674,40.2767],[-8.3726,40.2797],[-8.3767,40.2806],[-8.3813,40.2803],[-8.3855,40.2814],[-8.387,40.2816],[-8.3889,40.2843],[-8.3895,40.2856],[-8.3886,40.2883],[-8.3897,40.2906],[-8.389,40.2931],[-8.3878,40.294],[-8.3858,40.2971],[-8.3838,40.2981],[-8.3855,40.2988],[-8.3863,40.3032],[-8.3872,40.3047],[-8.3872,40.3062],[-8.3881,40.3094],[-8.3896,40.3125],[-8.3869,40.3133],[-8.3854,40.3152],[-8.384,40.3152],[-8.3829,40.3158],[-8.383,40.3171],[-8.3825,40.3176],[-8.379,40.3172],[-8.3791,40.3166],[-8.3754,40.3166],[-8.374,40.3182],[-8.3737,40.3196],[-8.372,40.3192],[-8.3709,40.3204],[-8.3709,40.3213],[-8.3679,40.3261],[-8.3681,40.3273],[-8.369,40.3288],[-8.3716,40.3318],[-8.3752,40.3355],[-8.3759,40.3364],[-8.3753,40.3413],[-8.3768,40.3418],[-8.382,40.3443],[-8.3828,40.3454],[-8.3853,40.3454],[-8.3869,40.3445],[-8.3928,40.3484],[-8.3942,40.3476],[-8.3965,40.3484],[-8.3988,40.3485],[-8.4023,40.3496],[-8.404,40.3499],[-8.4051,40.352],[-8.4056,40.3512],[-8.4055,40.3476],[-8.4044,40.3446],[-8.4013,40.3419],[-8.403,40.3393],[-8.4064,40.3349],[-8.4091,40.3309],[-8.4094,40.3284],[-8.4096,40.3239],[-8.4146,40.3236],[-8.42,40.3237],[-8.4244,40.3221],[-8.4294,40.3237],[-8.4368,40.3216],[-8.4427,40.3194],[-8.4486,40.3176],[-8.4494,40.3155],[-8.4485,40.312],[-8.4485,40.3106],[-8.4494,40.309],[-8.4481,40.3042],[-8.4471,40.3017],[-8.4464,40.2985],[-8.4475,40.2922],[-8.4476,40.2893],[-8.4494,40.2875],[-8.4509,40.2856],[-8.4522,40.282],[-8.4536,40.2815],[-8.4544,40.2792],[-8.4577,40.2792],[-8.46,40.279],[-8.4618,40.2794],[-8.465,40.2806],[-8.467,40.2821],[-8.4676,40.2832],[-8.4669,40.2847],[-8.4677,40.2855],[-8.4674,40.288],[-8.4685,40.2888],[-8.4701,40.2886],[-8.4724,40.2888],[-8.4776,40.2884],[-8.4809,40.2899],[-8.4882,40.2922],[-8.4928,40.2904],[-8.4946,40.2901],[-8.4949,40.2906],[-8.4995,40.2897],[-8.5026,40.2895],[-8.5077,40.2894]],[[-8.5513,40.1537],[-8.5504,40.1511],[-8.5511,40.1481],[-8.5529,40.1441],[-8.5544,40.1403],[-8.5586,40.1404],[-8.5603,40.1413],[-8.5636,40.1388],[-8.5651,40.1382],[-8.5669,40.138],[-8.5686,40.1373],[-8.5696,40.1363],[-8.5711,40.1358],[-8.5751,40.1338],[-8.5822,40.1327],[-8.5824,40.1324],[-8.5796,40.1306],[-8.5797,40.1301],[-8.5776,40.1281],[-8.5771,40.1271],[-8.5775,40.1254],[-8.5768,40.1238],[-8.5778,40.1213],[-8.5788,40.1198],[-8.582,40.1187],[-8.5846,40.1192],[-8.588,40.1203],[-8.587,40.1184],[-8.5863,40.1164],[-8.5889,40.113],[-8.5914,40.1102],[-8.5906,40.107],[-8.5904,40.1071],[-8.5891,40.1012],[-8.588,40.098],[-8.587,40.0931],[-8.5851,40.0911],[-8.582,40.0882],[-8.5757,40.0844],[-8.5732,40.0847],[-8.5671,40.0847],[-8.5633,40.0848],[-8.5614,40.0851],[-8.5589,40.0846],[-8.5576,40.0832],[-8.5567,40.0816],[-8.5549,40.0777],[-8.5533,40.0749],[-8.5491,40.0696],[-8.5418,40.0557],[-8.5399,40.0519],[-8.5382,40.0499],[-8.5373,40.0483],[-8.532,40.0482],[-8.5228,40.0489],[-8.5167,40.0495],[-8.5102,40.0482],[-8.509,40.0478],[-8.5053,40.048],[-8.5033,40.0484],[-8.5016,40.0479],[-8.4981,40.0475],[-8.4964,40.047],[-8.4949,40.044],[-8.4929,40.0378],[-8.4918,40.0336],[-8.4875,40.0317],[-8.4814,40.0298],[-8.4789,40.0305],[-8.4776,40.0312],[-8.4766,40.0324],[-8.4757,40.0324],[-8.4746,40.0345],[-8.4732,40.0369],[-8.4729,40.0392],[-8.4733,40.0438],[-8.4699,40.0432],[-8.4666,40.0416],[-8.4618,40.0397],[-8.4591,40.0392],[-8.4566,40.039],[-8.4541,40.0392],[-8.4396,40.0386],[-8.4384,40.0386],[-8.4378,40.0366],[-8.4357,40.0375],[-8.4312,40.0386],[-8.428,40.0408],[-8.4289,40.0432],[-8.4294,40.0465],[-8.4271,40.0468],[-8.4273,40.0488],[-8.4265,40.049],[-8.4264,40.0501],[-8.4275,40.0522],[-8.4286,40.0533],[-8.4293,40.0551],[-8.4326,40.0554],[-8.4337,40.0574],[-8.4361,40.0575],[-8.4368,40.0599],[-8.4382,40.061],[-8.4421,40.0627],[-8.4426,40.0632],[-8.4419,40.0642],[-8.4456,40.0655],[-8.4478,40.0672],[-8.4508,40.0688],[-8.4526,40.0692],[-8.4527,40.0704],[-8.4514,40.0717],[-8.4503,40.0736],[-8.4521,40.0748],[-8.4524,40.0761],[-8.454,40.0763],[-8.4561,40.0778],[-8.4544,40.0811],[-8.455,40.0823],[-8.4562,40.0834],[-8.457,40.085],[-8.4544,40.0852],[-8.4522,40.0843],[-8.4514,40.0832],[-8.4455,40.0819],[-8.4413,40.0804],[-8.4402,40.0791],[-8.438,40.0792],[-8.4368,40.0777],[-8.4358,40.0771],[-8.4337,40.072],[-8.4294,40.0748],[-8.4239,40.0779],[-8.4224,40.077],[-8.4205,40.0769],[-8.418,40.0804],[-8.4143,40.0805],[-8.4114,40.0798],[-8.4089,40.0808],[-8.4056,40.0779],[-8.4016,40.0827],[-8.3982,40.0848],[-8.3986,40.0856],[-8.3999,40.0898],[-8.4009,40.0919],[-8.4009,40.0935],[-8.4025,40.097],[-8.4036,40.0989]],[[-8.7322,40.0322],[-8.7318,40.0359],[-8.733,40.0381],[-8.7323,40.0394],[-8.7321,40.041],[-8.7334,40.043],[-8.7344,40.0435],[-8.7344,40.0449],[-8.7359,40.0459],[-8.7371,40.0479],[-8.7376,40.052],[-8.7381,40.0542],[-8.7376,40.057],[-8.7385,40.0583],[-8.7384,40.06],[-8.7415,40.0633],[-8.7418,40.0639],[-8.7411,40.0669],[-8.7422,40.068],[-8.7439,40.0684],[-8.7469,40.0708],[-8.7495,40.0721],[-8.75,40.0727],[-8.7502,40.0743],[-8.7539,40.0789],[-8.7531,40.0797],[-8.7498,40.0795],[-8.7494,40.0806],[-8.7501,40.0811],[-8.752,40.0836],[-8.7507,40.085],[-8.7494,40.085],[-8.7479,40.0833],[-8.7464,40.0828],[-8.7449,40.0846],[-8.7459,40.0873],[-8.7476,40.0902],[-8.7497,40.0909],[-8.7511,40.0935],[-8.7523,40.0944],[-8.755,40.0957],[-8.7562,40.0959],[-8.7571,40.0968],[-8.7575,40.0996],[-8.7569,40.102],[-8.7573,40.1044],[-8.7607,40.1071],[-8.7602,40.1083],[-8.7596,40.1114],[-8.7606,40.1131],[-8.7625,40.1143],[-8.7638,40.1159],[-8.7629,40.1172],[-8.7639,40.1178],[-8.7633,40.119],[-8.7654,40.118],[-8.7676,40.1188],[-8.7695,40.1176],[-8.7712,40.1169],[-8.7738,40.1136],[-8.7751,40.1141],[-8.7732,40.1165],[-8.7722,40.1187],[-8.7713,40.1234],[-8.7709,40.1244],[-8.7655,40.1327],[-8.7629,40.1357],[-8.7606,40.1376],[-8.7578,40.1393],[-8.7549,40.1406],[-8.7402,40.1463],[-8.7364,40.1472],[-8.7364,40.1486],[-8.7305,40.1515],[-8.7248,40.1545],[-8.7181,40.1579],[-8.7142,40.1599],[-8.7087,40.1627],[-8.7112,40.1648],[-8.6999,40.1729],[-8.7003,40.1734],[-8.703,40.1724],[-8.7039,40.1745],[-8.7018,40.1779],[-8.7028,40.1784],[-8.7042,40.1801],[-8.7072,40.1807],[-8.7055,40.1826],[-8.7037,40.1854],[-8.7007,40.1886],[-8.7001,40.1911],[-8.7079,40.192],[-8.7111,40.1922],[-8.7101,40.1946],[-8.7099,40.1963],[-8.7102,40.1978],[-8.7123,40.2031],[-8.7138,40.2059],[-8.7149,40.2089],[-8.7159,40.21],[-8.718,40.2135],[-8.7191,40.2158],[-8.7194,40.2199],[-8.7189,40.2219],[-8.717,40.2247],[-8.7167,40.2278],[-8.7173,40.229],[-8.7187,40.229],[-8.72,40.2325],[-8.723,40.2354],[-8.7241,40.2378],[-8.727,40.2393],[-8.7282,40.2424],[-8.7292,40.2433],[-8.7301,40.2454],[-8.7309,40.2464],[-8.7319,40.2466],[-8.7338,40.2493],[-8.7337,40.2507],[-8.737,40.2538],[-8.7379,40.2566],[-8.7375,40.2597],[-8.7379,40.2621],[-8.7398,40.2638],[-8.7396,40.2658],[-8.739,40.2682],[-8.7381,40.2698],[-8.7384,40.2718],[-8.7376,40.2754],[-8.7377,40.2762],[-8.7403,40.2789],[-8.7405,40.2813],[-8.739,40.2824],[-8.7393,40.2846],[-8.7404,40.286],[-8.7406,40.2881],[-8.7415,40.292]],[[-8.1081,39.9621],[-8.1064,39.9619],[-8.1038,39.9607],[-8.1022,39.9602],[-8.1011,39.9605],[-8.1005,39.962],[-8.1009,39.9629],[-8.1042,39.9651],[-8.1052,39.9667],[-8.1054,39.9682],[-8.105,39.9692],[-8.1039,39.9698],[-8.1009,39.97],[-8.1003,39.9727],[-8.099,39.9734],[-8.097,39.9731],[-8.0959,39.9733],[-8.0921,39.9756],[-8.0901,39.9771],[-8.0861,39.9782],[-8.0854,39.9794],[-8.0874,39.9801],[-8.09,39.9813],[-8.0903,39.9825],[-8.0897,39.984],[-8.0908,39.9862],[-8.0909,39.9888],[-8.0902,39.99],[-8.0879,39.9906],[-8.0866,39.9926],[-8.0828,39.9948],[-8.0815,39.9945],[-8.0782,39.9924],[-8.0759,39.9925],[-8.0737,39.9933],[-8.0735,39.9942],[-8.0756,39.9958],[-8.0761,39.9975],[-8.0754,39.9993],[-8.0746,40.0002],[-8.0755,40.0012],[-8.0782,40.0015],[-8.0781,40.0026],[-8.0766,40.0057],[-8.0758,40.006],[-8.0741,40.0043],[-8.071,40.0047],[-8.0677,40.0073],[-8.065,40.0086],[-8.0623,40.0092],[-8.0612,40.0107],[-8.0582,40.0101],[-8.0566,40.0104],[-8.0543,40.0097],[-8.0543,40.0106],[-8.0558,40.012],[-8.0554,40.0137],[-8.0545,40.0143],[-8.0519,40.015],[-8.0507,40.0162],[-8.0503,40.0177],[-8.0493,40.019],[-8.0482,40.0177],[-8.0452,40.0168],[-8.0453,40.0148],[-8.0444,40.0142],[-8.0435,40.0146],[-8.0427,40.0171],[-8.0415,40.019],[-8.0404,40.0198],[-8.0373,40.0173],[-8.0354,40.0166],[-8.0314,40.0168],[-8.033,40.019],[-8.0335,40.0206],[-8.0331,40.0233],[-8.0319,40.0239],[-8.033,40.0252],[-8.0328,40.0272],[-8.0312,40.0307],[-8.0323,40.0319],[-8.0319,40.0331],[-8.0306,40.0339],[-8.0304,40.0348],[-8.0316,40.0377],[-8.0308,40.0391],[-8.0314,40.0413],[-8.031,40.0443],[-8.0323,40.0453],[-8.0342,40.0501],[-8.0331,40.0517],[-8.0333,40.0532],[-8.0343,40.0548],[-8.0356,40.0557],[-8.0362,40.0574],[-8.0375,40.0585],[-8.0374,40.0599],[-8.0407,40.0641],[-8.0411,40.0661],[-8.0408,40.0666],[-8.0423,40.0755],[-8.0428,40.0774],[-8.0419,40.0785],[-8.0419,40.0792],[-8.0446,40.0808],[-8.0508,40.0833],[-8.0529,40.0851],[-8.0548,40.086],[-8.061,40.0884],[-8.059,40.0907],[-8.0562,40.0952],[-8.0561,40.0963],[-8.0573,40.099],[-8.0544,40.0984],[-8.0535,40.0996],[-8.0518,40.1009],[-8.049,40.1023],[-8.0433,40.1043],[-8.0402,40.1068],[-8.039,40.1085],[-8.039,40.1097],[-8.0312,40.1108],[-8.0266,40.1105],[-8.0255,40.1106],[-8.024,40.1114],[-8.0207,40.1114],[-8.0147,40.1122],[-8.012,40.112],[-8.0086,40.1131],[-8.0072,40.1143],[-8.003,40.1147],[-7.9989,40.1146],[-7.997,40.1143],[-7.9938,40.1123],[-7.9918,40.1118],[-7.9848,40.1115],[-7.9828,40.1109],[-7.9821,40.1095],[-7.9756,40.1065],[-7.9732,40.105],[-7.9671,40.1046],[-7.9656,40.1041],[-7.9599,40.1036],[-7.9575,40.1038],[-7.9527,40.1072],[-7.9525,40.1091],[-7.9516,40.1112],[-7.9507,40.112],[-7.9495,40.1142],[-7.9492,40.1163],[-7.9487,40.1173],[-7.952,40.1182],[-7.957,40.1178],[-7.9596,40.1186],[-7.961,40.1197],[-7.9644,40.1216],[-7.963,40.1228],[-7.9653,40.1255],[-7.9649,40.1271],[-7.9669,40.1312],[-7.9686,40.1313],[-7.9693,40.1306],[-7.9741,40.1317],[-7.9738,40.1335],[-7.9752,40.1349],[-7.9758,40.1362],[-7.9743,40.1364],[-7.9755,40.1374],[-7.977,40.1376],[-7.9776,40.1398]],[[-8.1728,40.2047],[-8.1729,40.1969],[-8.1687,40.1924],[-8.1671,40.1919],[-8.1653,40.1901],[-8.168,40.1889],[-8.1682,40.1884],[-8.1671,40.1859],[-8.1659,40.1848],[-8.1678,40.1847],[-8.1686,40.183],[-8.168,40.1808],[-8.1692,40.1782],[-8.1694,40.1771],[-8.1702,40.1767],[-8.1732,40.1764],[-8.1726,40.1756],[-8.1705,40.1716],[-8.1681,40.1698],[-8.1677,40.1686],[-8.1646,40.1667],[-8.1641,40.1659],[-8.1622,40.1641],[-8.1585,40.161],[-8.1581,40.1604],[-8.1575,40.1572],[-8.1562,40.1545],[-8.1534,40.1521],[-8.1523,40.1507],[-8.1522,40.1493],[-8.1515,40.1478],[-8.1531,40.1458],[-8.1563,40.1432],[-8.1589,40.142],[-8.1581,40.138],[-8.1585,40.1345],[-8.1592,40.1322],[-8.1611,40.1311],[-8.1625,40.1299],[-8.1646,40.1273],[-8.1687,40.1237],[-8.1696,40.1218],[-8.1691,40.1185],[-8.1688,40.1139],[-8.1729,40.1085],[-8.1775,40.1034],[-8.1781,40.1013],[-8.1801,40.0995],[-8.1804,40.0983],[-8.18,40.0961],[-8.1783,40.0925],[-8.1791,40.0897]],[[-8.1736,40.2055],[-8.1766,40.205],[-8.178,40.2045],[-8.1829,40.2035],[-8.1848,40.2026],[-8.1843,40.2018],[-8.1937,40.2],[-8.1938,40.1994],[-8.1965,40.1978],[-8.1966,40.1961],[-8.1993,40.1955],[-8.2025,40.1942],[-8.205,40.191],[-8.2067,40.1895],[-8.2096,40.1876],[-8.2106,40.1872],[-8.2154,40.1873],[-8.2169,40.1871],[-8.2189,40.1859],[-8.2204,40.1842],[-8.2255,40.1826],[-8.2264,40.1814],[-8.228,40.1809],[-8.2314,40.1791],[-8.2357,40.1787],[-8.2381,40.1786],[-8.2401,40.1776],[-8.2411,40.1779],[-8.2447,40.1764],[-8.2477,40.1762],[-8.2511,40.1772],[-8.2526,40.1773],[-8.2541,40.178],[-8.2567,40.1813],[-8.2599,40.1841],[-8.263,40.1847],[-8.2691,40.1861],[-8.2718,40.187],[-8.2741,40.1872],[-8.2799,40.1874],[-8.2869,40.186],[-8.288,40.1853],[-8.2889,40.1838],[-8.2893,40.1796],[-8.2903,40.178],[-8.2941,40.1777],[-8.2972,40.1782],[-8.301,40.1797],[-8.3026,40.1801],[-8.3006,40.1772],[-8.2995,40.175],[-8.2969,40.1726],[-8.2968,40.1707],[-8.2937,40.1688],[-8.292,40.1673],[-8.2882,40.1656],[-8.2895,40.1639],[-8.2886,40.1626],[-8.2886,40.1618],[-8.2903,40.1624],[-8.2904,40.1615],[-8.2892,40.1608],[-8.2896,40.1599],[-8.2896,40.1579],[-8.2912,40.1568],[-8.2928,40.1537],[-8.2955,40.1505],[-8.2928,40.1466],[-8.2925,40.1454],[-8.2927,40.1419],[-8.2917,40.1394],[-8.2967,40.131],[-8.3012,40.127],[-8.3024,40.1243],[-8.3046,40.1211],[-8.3064,40.1193],[-8.3086,40.1186],[-8.3115,40.1172],[-8.3033,40.1061],[-8.3031,40.1051],[-8.2999,40.1028],[-8.2976,40.1021],[-8.2969,40.1031],[-8.2957,40.1016],[-8.2952,40.098],[-8.296,40.0971],[-8.2959,40.0964],[-8.2976,40.0951],[-8.297,40.0944],[-8.2955,40.0945],[-8.291,40.0941],[-8.2902,40.0937],[-8.2871,40.0936],[-8.2848,40.0932],[-8.2835,40.0922],[-8.2814,40.0899],[-8.2755,40.0863],[-8.2744,40.0858],[-8.2698,40.086],[-8.2659,40.0846],[-8.262,40.0839],[-8.2553,40.0738],[-8.2523,40.0715],[-8.251,40.0707],[-8.2478,40.0697],[-8.2442,40.0671],[-8.2432,40.0668]],[[-8.3753,40.3413],[-8.3734,40.342],[-8.3712,40.3432],[-8.3697,40.3448],[-8.3677,40.3451],[-8.3636,40.3462],[-8.3602,40.3468],[-8.3579,40.3474],[-8.3572,40.3481],[-8.3568,40.3521],[-8.3558,40.356],[-8.3547,40.3619],[-8.3562,40.3672],[-8.3592,40.369],[-8.3594,40.3716],[-8.3589,40.3746],[-8.3584,40.3756],[-8.3557,40.377],[-8.3544,40.378],[-8.3551,40.3797],[-8.356,40.3807],[-8.3553,40.3829],[-8.3547,40.3832],[-8.3542,40.3852],[-8.3552,40.3891],[-8.3554,40.3909],[-8.3538,40.3919],[-8.3546,40.3938],[-8.3541,40.3956]],[[-8.4056,40.0779],[-8.4055,40.0772],[-8.4043,40.076],[-8.4033,40.076],[-8.3962,40.0781],[-8.3951,40.077],[-8.3932,40.0742],[-8.3904,40.0708],[-8.3861,40.0707],[-8.385,40.0698],[-8.3829,40.0662],[-8.382,40.0657],[-8.3799,40.0657],[-8.3774,40.0683],[-8.3761,40.0682],[-8.3744,40.0659],[-8.3726,40.0649],[-8.3701,40.0648],[-8.3699,40.0622],[-8.3686,40.0606],[-8.3654,40.0587],[-8.3628,40.0566],[-8.364,40.0538],[-8.3658,40.0526],[-8.3665,40.0534],[-8.3674,40.053],[-8.3675,40.0512],[-8.3619,40.0518],[-8.3608,40.0531],[-8.3578,40.0526],[-8.356,40.0526],[-8.3539,40.0511],[-8.3504,40.0508],[-8.3484,40.05],[-8.3474,40.0491],[-8.3467,40.0469],[-8.3415,40.0462],[-8.3397,40.0454],[-8.3355,40.0455],[-8.3336,40.0451],[-8.3326,40.0455],[-8.3302,40.0451],[-8.3287,40.0438],[-8.3241,40.0435],[-8.321,40.0417],[-8.3195,40.0414],[-8.3174,40.04],[-8.3166,40.0377],[-8.3134,40.0355],[-8.3108,40.0346],[-8.3104,40.0339],[-8.3029,40.0329],[-8.293,40.0288],[-8.2907,40.0271],[-8.2888,40.0263],[-8.2868,40.0261]],[[-8.3026,40.1801],[-8.3053,40.1831],[-8.3069,40.1845],[-8.3074,40.1832],[-8.3086,40.1817],[-8.31,40.1812],[-8.3105,40.1804],[-8.3113,40.1807],[-8.3114,40.1821],[-8.3106,40.1838],[-8.3099,40.1833],[-8.308,40.1855],[-8.3096,40.1868],[-8.3129,40.1909]],[[-8.7633,40.119],[-8.7626,40.1195],[-8.7602,40.1199],[-8.7547,40.1201],[-8.7518,40.1219],[-8.746,40.119],[-8.7432,40.1159],[-8.7417,40.1156],[-8.7403,40.1145],[-8.7402,40.1149],[-8.7381,40.1148],[-8.7368,40.114],[-8.7338,40.1136],[-8.7324,40.1141],[-8.7289,40.1131],[-8.728,40.1137],[-8.7255,40.1135],[-8.7236,40.1139],[-8.72,40.1159],[-8.7163,40.1168],[-8.7129,40.1161],[-8.7115,40.1145],[-8.7103,40.1139],[-8.7088,40.1141],[-8.7071,40.1137],[-8.7055,40.1143],[-8.7031,40.1142],[-8.7019,40.1145],[-8.6996,40.1141],[-8.6974,40.114],[-8.6962,40.1124],[-8.6936,40.1121],[-8.6922,40.1132],[-8.6882,40.1143],[-8.6859,40.1142],[-8.6815,40.1133],[-8.6789,40.1166],[-8.6779,40.1175],[-8.6762,40.1202],[-8.6749,40.1215],[-8.6697,40.1227],[-8.6665,40.1237],[-8.666,40.1226],[-8.6634,40.1237],[-8.662,40.1202],[-8.6592,40.1215],[-8.6472,40.1268],[-8.6484,40.1277],[-8.6609,40.1383],[-8.6628,40.1398],[-8.6691,40.1427],[-8.6706,40.1439],[-8.6726,40.1466],[-8.6736,40.1475],[-8.6757,40.1483],[-8.6779,40.1482],[-8.6801,40.1477],[-8.6798,40.1486],[-8.6781,40.1511],[-8.6771,40.1529],[-8.6755,40.1586],[-8.6732,40.1631],[-8.6719,40.1662],[-8.6705,40.1707],[-8.6699,40.1718],[-8.6671,40.1741],[-8.6643,40.1744],[-8.6547,40.1759],[-8.6537,40.1754],[-8.6517,40.1751],[-8.6488,40.1737],[-8.6458,40.172],[-8.6429,40.1709],[-8.6392,40.1704],[-8.6353,40.1694],[-8.6346,40.1676],[-8.6316,40.1668],[-8.6308,40.1659],[-8.6283,40.166],[-8.6248,40.1657],[-8.6205,40.1656],[-8.6171,40.1659],[-8.6134,40.1645],[-8.6032,40.1618],[-8.6023,40.1617],[-8.5979,40.1605],[-8.5954,40.1601],[-8.5938,40.1585],[-8.5876,40.1556],[-8.5785,40.1523],[-8.5745,40.1496],[-8.5734,40.1493],[-8.5667,40.1441],[-8.564,40.1426],[-8.5603,40.1413]],[[-8.5788,40.1564],[-8.5785,40.1577],[-8.5767,40.1565],[-8.573,40.1544],[-8.5736,40.1537],[-8.5755,40.1537],[-8.5768,40.1555],[-8.5788,40.1564]],[[-8.3562,40.3672],[-8.3548,40.3692],[-8.3523,40.3701],[-8.3461,40.3708],[-8.3438,40.3702],[-8.3423,40.3695],[-8.3406,40.3675],[-8.3396,40.3648],[-8.338,40.364],[-8.3365,40.3623],[-8.3364,40.3614],[-8.3351,40.3603],[-8.3344,40.359],[-8.3316,40.3571],[-8.3292,40.3548],[-8.3274,40.3545],[-8.3252,40.3548],[-8.3254,40.3566],[-8.3252,40.3592],[-8.3254,40.3614],[-8.3226,40.3612],[-8.3203,40.362],[-8.3156,40.3617],[-8.312,40.3618],[-8.31,40.3615],[-8.3087,40.3608],[-8.3055,40.3598],[-8.3045,40.3593],[-8.3017,40.3588],[-8.2996,40.3582],[-8.2974,40.357],[-8.2931,40.3543],[-8.293,40.3515],[-8.2918,40.3504],[-8.2895,40.3476],[-8.2883,40.3468],[-8.286,40.3467],[-8.2847,40.3461],[-8.2846,40.3448],[-8.2827,40.3449],[-8.2812,40.341],[-8.2801,40.3391],[-8.2784,40.3377],[-8.2765,40.3357],[-8.2748,40.3354],[-8.2704,40.3354],[-8.2633,40.3337],[-8.2633,40.3323],[-8.2618,40.3306],[-8.261,40.3292],[-8.2599,40.3286],[-8.2591,40.3275],[-8.2578,40.3275],[-8.2569,40.3264],[-8.2559,40.3263],[-8.2545,40.3246],[-8.2525,40.3236],[-8.2508,40.3232],[-8.2471,40.3236],[-8.2426,40.3265],[-8.2398,40.3255],[-8.237,40.3226],[-8.2332,40.3229],[-8.2328,40.3237],[-8.2329,40.3255],[-8.2322,40.3243],[-8.232,40.3264],[-8.2313,40.3285],[-8.2318,40.3315],[-8.2272,40.3328],[-8.2245,40.335],[-8.2217,40.3357],[-8.2132,40.3398],[-8.2113,40.3411],[-8.2086,40.3414],[-8.2006,40.3389],[-8.1994,40.3388],[-8.1978,40.3394],[-8.1937,40.3431],[-8.1909,40.3431],[-8.1891,40.342],[-8.188,40.3406],[-8.1868,40.3384]],[[-7.9475,40.4227],[-7.9464,40.4216],[-7.9449,40.4209],[-7.9439,40.4191],[-7.9421,40.4188],[-7.9415,40.4194],[-7.94,40.4185],[-7.9384,40.4185],[-7.9393,40.416],[-7.9386,40.415],[-7.9398,40.4124],[-7.9398,40.411],[-7.9368,40.4098],[-7.9345,40.4105],[-7.9342,40.4082],[-7.9348,40.4064],[-7.9355,40.4058],[-7.935,40.4036],[-7.9325,40.4022],[-7.9312,40.4025],[-7.9293,40.4017],[-7.9274,40.4015],[-7.9268,40.4005],[-7.9247,40.3989],[-7.9217,40.3982],[-7.9199,40.3959],[-7.9178,40.3949],[-7.9162,40.3932],[-7.9141,40.3924],[-7.9133,40.3912],[-7.9125,40.3884],[-7.9127,40.3849],[-7.9143,40.3828],[-7.9171,40.3802],[-7.9176,40.3784],[-7.9188,40.3779],[-7.9199,40.3757],[-7.9213,40.3754],[-7.9224,40.3732],[-7.9224,40.3723],[-7.9211,40.3713],[-7.9184,40.3719],[-7.9174,40.3714],[-7.9161,40.3716],[-7.9146,40.3711],[-7.9131,40.3713],[-7.9118,40.3705],[-7.9107,40.3709],[-7.9103,40.3701],[-7.9083,40.3694],[-7.9069,40.3704],[-7.9057,40.3701],[-7.9056,40.3694],[-7.904,40.3691],[-7.901,40.3645],[-7.9049,40.3605],[-7.9076,40.3589],[-7.9085,40.3566],[-7.9071,40.356],[-7.9019,40.3546],[-7.899,40.3534],[-7.9011,40.3474],[-7.9035,40.3416],[-7.9106,40.3394],[-7.9126,40.3371],[-7.9126,40.3363],[-7.9113,40.3348],[-7.9117,40.3334],[-7.9117,40.3312],[-7.911,40.3303],[-7.9111,40.3271],[-7.9104,40.3263],[-7.9173,40.3223],[-7.9219,40.3234],[-7.9242,40.3235],[-7.9267,40.3239],[-7.9288,40.325],[-7.9306,40.3251],[-7.9321,40.3262],[-7.9356,40.3268],[-7.9394,40.3273],[-7.9417,40.3287],[-7.9426,40.329],[-7.9444,40.3286],[-7.9467,40.3291],[-7.95,40.3289],[-7.9528,40.3276],[-7.9569,40.3278],[-7.9585,40.3274],[-7.9619,40.3277],[-7.9664,40.3265],[-7.9715,40.3265],[-7.9764,40.3255],[-7.9789,40.3239],[-7.9812,40.3212],[-7.9804,40.321],[-7.9817,40.3185],[-7.9776,40.3156],[-7.977,40.3146],[-7.9754,40.3139],[-7.9748,40.3122],[-7.9728,40.3102],[-7.9726,40.3078],[-7.9713,40.3064],[-7.97,40.3058],[-7.9673,40.305],[-7.9673,40.3041]],[[-8.3403,40.2186],[-8.3348,40.2213],[-8.333,40.2255],[-8.3317,40.2262],[-8.3298,40.2264],[-8.3271,40.2277],[-8.3255,40.228],[-8.3233,40.2294],[-8.3208,40.2334],[-8.3205,40.2359],[-8.319,40.2376],[-8.3169,40.2378],[-8.3149,40.2373],[-8.3124,40.2363],[-8.3102,40.2374],[-8.3079,40.2393],[-8.3048,40.2399],[-8.3019,40.2394],[-8.3007,40.2395],[-8.2996,40.2405],[-8.3012,40.2442],[-8.3004,40.2451],[-8.2986,40.2449],[-8.2944,40.243],[-8.2901,40.2403],[-8.2887,40.2398],[-8.2859,40.2405],[-8.2812,40.2431],[-8.2805,40.2437],[-8.2802,40.2453],[-8.281,40.2476],[-8.2778,40.2481],[-8.2766,40.2475],[-8.2757,40.2453],[-8.2719,40.2453],[-8.2722,40.2444],[-8.271,40.2439],[-8.2714,40.2432],[-8.2694,40.2415],[-8.2672,40.2426],[-8.2662,40.2426],[-8.2642,40.2442],[-8.2616,40.244],[-8.2599,40.2453],[-8.2562,40.2454],[-8.2537,40.2441],[-8.2523,40.2447],[-8.2534,40.2465],[-8.2524,40.2539],[-8.2445,40.2539],[-8.224,40.2535],[-8.2226,40.2531],[-8.2181,40.2523],[-8.2152,40.2521],[-8.2135,40.2527],[-8.212,40.2538],[-8.2113,40.2536],[-8.2077,40.2537],[-8.2066,40.2542]],[[-8.1104,40.3006],[-8.1095,40.3013],[-8.1084,40.3036],[-8.1102,40.3046],[-8.1099,40.3065],[-8.1113,40.3062],[-8.1129,40.3076],[-8.1115,40.3088],[-8.1127,40.3092],[-8.1157,40.3083],[-8.1165,40.3087],[-8.1151,40.3106],[-8.1147,40.3116],[-8.115,40.3135],[-8.1161,40.3142],[-8.1178,40.3141],[-8.1174,40.3147],[-8.1143,40.3162],[-8.1159,40.3185],[-8.1148,40.32],[-8.1161,40.3209],[-8.1165,40.3221],[-8.1153,40.323],[-8.1153,40.3241],[-8.1178,40.3267],[-8.1178,40.3277],[-8.1163,40.3295],[-8.1162,40.3312],[-8.1156,40.3319],[-8.1173,40.3322],[-8.1186,40.332],[-8.1213,40.3323],[-8.1234,40.3314],[-8.1268,40.3313],[-8.1282,40.3326],[-8.1295,40.3348],[-8.1322,40.3355]],[[-8.4333,40.003],[-8.4292,40.0032],[-8.4277,40.0037]],[[-8.4746,40.0345],[-8.4741,40.0303],[-8.4741,40.0262],[-8.4734,40.0252],[-8.4691,40.0219],[-8.466,40.0212],[-8.4643,40.022],[-8.4597,40.0253],[-8.4594,40.0234],[-8.4606,40.0185],[-8.4575,40.0178]]]}},{"type":"Feature","properties":{"tipo":"concelho","nome":"Arganil"},"geometry":{"type":"Point","coordinates":[-7.9523,40.2314]}},{"type":"Feature","properties":{"tipo":"concelho","nome":"Cantanhede"},"geometry":{"type":"Point","coordinates":[-8.629,40.3612]}},{"type":"Feature","properties":{"tipo":"concelho","nome":"Coimbra"},"geometry":{"type":"Point","coordinates":[-8.4338,40.2146]}},{"type":"Feature","properties":{"tipo":"concelho","nome":"Condeixa-a-Nova"},"geometry":{"type":"Point","coordinates":[-8.5061,40.087]}},{"type":"Feature","properties":{"tipo":"concelho","nome":"Figueira da Foz"},"geometry":{"type":"Point","coordinates":[-8.8062,40.2042]}},{"type":"Feature","properties":{"tipo":"concelho","nome":"Góis"},"geometry":{"type":"Point","coordinates":[-8.0976,40.1309]}},{"type":"Feature","properties":{"tipo":"concelho","nome":"Lousã"},"geometry":{"type":"Point","coordinates":[-8.2309,40.1291]}},{"type":"Feature","properties":{"tipo":"concelho","nome":"Mealhada"},"geometry":{"type":"Point","coordinates":[-8.4425,40.3645]}},{"type":"Feature","properties":{"tipo":"concelho","nome":"Mira"},"geometry":{"type":"Point","coordinates":[-8.7527,40.4249]}},{"type":"Feature","properties":{"tipo":"concelho","nome":"Miranda do Corvo"},"geometry":{"type":"Point","coordinates":[-8.3399,40.0881]}},{"type":"Feature","properties":{"tipo":"concelho","nome":"Montemor-o-Velho"},"geometry":{"type":"Point","coordinates":[-8.6475,40.228]}},{"type":"Feature","properties":{"tipo":"concelho","nome":"Mortágua"},"geometry":{"type":"Point","coordinates":[-8.2499,40.4073]}},{"type":"Feature","properties":{"tipo":"concelho","nome":"Oliveira do Hospital"},"geometry":{"type":"Point","coordinates":[-7.8551,40.3227]}},{"type":"Feature","properties":{"tipo":"concelho","nome":"Pampilhosa da Serra"},"geometry":{"type":"Point","coordinates":[-7.869,40.1235]}},{"type":"Feature","properties":{"tipo":"concelho","nome":"Penacova"},"geometry":{"type":"Point","coordinates":[-8.2994,40.2923]}},{"type":"Feature","properties":{"tipo":"concelho","nome":"Penela"},"geometry":{"type":"Point","coordinates":[-8.3549,40.0105]}},{"type":"Feature","properties":{"tipo":"concelho","nome":"Soure"},"geometry":{"type":"Point","coordinates":[-8.6452,40.0735]}},{"type":"Feature","properties":{"tipo":"concelho","nome":"Tábua"},"geometry":{"type":"Point","coordinates":[-8.0463,40.3195]}},{"type":"Feature","properties":{"tipo":"concelho","nome":"Vila Nova de Poiares"},"geometry":{"type":"Point","coordinates":[-8.2391,40.2142]}}]}