{"type":"FeatureCollection","features":[{"type":"Feature","properties":{"id":"pr1-agn-caminho-do-xisto-de-benfeita","tipo":"PR","ficha":0,"codigo":"PR1 AGN"},"geometry":{"type":"MultiLineString","coordinates":[[[-7.92677,40.22562],[-7.9274,40.22613],[-7.92821,40.22654],[-7.92961,40.22675],[-7.93003,40.22653],[-7.93038,40.2269]],[[-7.93096,40.22693],[-7.93244,40.22757],[-7.93362,40.22757],[-7.93409,40.22781],[-7.9349,40.22779],[-7.93507,40.22775],[-7.93537,40.2275],[-7.9362,40.22734],[-7.93651,40.22739],[-7.93634,40.22702],[-7.9364,40.22671],[-7.93686,40.22715],[-7.93743,40.2274],[-7.93745,40.22786],[-7.93722,40.22876],[-7.93744,40.22906],[-7.93831,40.22942],[-7.93927,40.22929],[-7.93946,40.22934],[-7.93963,40.22951],[-7.93934,40.23014],[-7.9396,40.23061],[-7.94036,40.23073],[-7.94066,40.23089],[-7.94126,40.23157],[-7.94246,40.23171],[-7.94273,40.23141],[-7.94277,40.23094],[-7.943,40.23043],[-7.94364,40.22983],[-7.94416,40.22964],[-7.94431,40.22939],[-7.94402,40.22911],[-7.94426,40.2286],[-7.94411,40.22858],[-7.94386,40.22837],[-7.94376,40.22768],[-7.94333,40.22697],[-7.94317,40.2262],[-7.9429,40.22592],[-7.9429,40.2257],[-7.94316,40.22527],[-7.94321,40.22464],[-7.94275,40.22384],[-7.94293,40.22316],[-7.94239,40.22292],[-7.94227,40.22265],[-7.94231,40.22231],[-7.94203,40.22192],[-7.94211,40.22168],[-7.94239,40.22148],[-7.94243,40.22117],[-7.94269,40.22116],[-7.94279,40.22101],[-7.94284,40.22082],[-7.94273,40.22046],[-7.94295,40.22054],[-7.94297,40.22046],[-7.9431,40.22045],[-7.94319,40.22025],[-7.94373,40.21979],[-7.94371,40.21955],[-7.94433,40.21917],[-7.94447,40.21927],[-7.94471,40.21892],[-7.94503,40.21882],[-7.94526,40.21832],[-7.94519,40.21747],[-7.94558,40.21728],[-7.94593,40.21688],[-7.94603,40.21694],[-7.94633,40.21678],[-7.94668,40.2168],[-7.94703,40.21692],[-7.94702,40.21713],[-7.94743,40.21713],[-7.94772,40.21732],[-7.94795,40.21735],[-7.94798,40.2172],[-7.94819,40.21708],[-7.94799,40.21681],[-7.949,40.21672],[-7.94909,40.21604],[-7.94882,40.21594],[-7.9488,40.2161],[-7.94862,40.21618],[-7.94844,40.21609],[-7.94787,40.21604],[-7.94704,40.21489],[-7.94664,40.21504],[-7.94579,40.2158],[-7.94576,40.21556],[-7.94503,40.21557],[-7.94486,40.21569],[-7.94493,40.21549],[-7.9443,40.21571],[-7.94301,40.21574],[-7.94221,40.21637],[-7.94125,40.21673],[-7.9406,40.21721],[-7.94024,40.21728],[-7.93956,40.2172],[-7.93917,40.21605],[-7.93937,40.21522],[-7.93882,40.21484],[-7.93837,40.21421],[-7.93801,40.21413],[-7.93768,40.21391],[-7.93736,40.21351],[-7.93739,40.21328],[-7.9378,40.21278],[-7.93743,40.21232],[-7.93736,40.21201],[-7.93758,40.21161],[-7.93804,40.2112],[-7.9374,40.2105],[-7.93745,40.21025],[-7.93696,40.21005],[-7.93684,40.20987],[-7.93694,40.2091],[-7.93715,40.20889],[-7.93718,40.20858],[-7.93672,40.20829],[-7.93608,40.20867],[-7.93603,40.20887],[-7.93617,40.20909],[-7.93586,40.2095],[-7.93582,40.21027],[-7.93617,40.21076],[-7.93598,40.21092],[-7.93635,40.21106],[-7.93596,40.21126],[-7.93591,40.21164],[-7.9358,40.21166],[-7.93555,40.21207],[-7.93556,40.21242],[-7.93536,40.21257],[-7.93494,40.2126],[-7.93486,40.21272],[-7.93498,40.21297],[-7.93488,40.21343],[-7.93418,40.21415],[-7.9342,40.21446],[-7.93386,40.21504],[-7.93345,40.21505],[-7.93366,40.21524],[-7.93362,40.21544],[-7.93374,40.21567],[-7.93425,40.21577],[-7.9351,40.21564],[-7.93534,40.21579],[-7.93622,40.2159],[-7.93637,40.2161],[-7.93636,40.21633],[-7.93606,40.21675],[-7.93524,40.21744],[-7.93445,40.21865],[-7.93412,40.21867],[-7.93392,40.21881],[-7.93399,40.21937],[-7.93362,40.22025],[-7.93374,40.22051],[-7.9335,40.22079],[-7.9338,40.22115],[-7.93407,40.22214],[-7.93392,40.22253],[-7.93404,40.22277],[-7.93326,40.22323],[-7.9332,40.22372],[-7.93303,40.22385],[-7.93238,40.2241],[-7.93207,40.2241],[-7.93199,40.2242],[-7.93203,40.22461],[-7.93191,40.22485],[-7.93227,40.22536],[-7.93159,40.22535],[-7.93118,40.22513],[-7.93056,40.22522],[-7.92955,40.22496],[-7.92945,40.22498],[-7.92946,40.22518],[-7.92915,40.2254],[-7.92672,40.22502]]]}},{"type":"Feature","properties":{"id":"pr4-agn-caminho-do-xisto-de-vila-cova-de-alva","tipo":"PR","ficha":0,"codigo":"PR4 AGN"},"geometry":{"type":"LineString","coordinates":[[-7.94198,40.28537],[-7.94279,40.28423],[-7.94285,40.28321],[-7.94271,40.28313],[-7.94312,40.28282],[-7.94343,40.2828],[-7.94344,40.2824],[-7.94316,40.2823],[-7.94316,40.28238],[-7.94305,40.28237],[-7.943,40.28261],[-7.94243,40.28312],[-7.9411,40.28318],[-7.94042,40.28332],[-7.93975,40.28255],[-7.93922,40.2817],[-7.93845,40.2812],[-7.93822,40.28139],[-7.93865,40.28182],[-7.93878,40.28225],[-7.93859,40.28212],[-7.93846,40.28185],[-7.93794,40.28159],[-7.93777,40.28173],[-7.93764,40.2822],[-7.93745,40.28229],[-7.93717,40.28145],[-7.93718,40.28122],[-7.93737,40.28093],[-7.93732,40.28009],[-7.93759,40.27979],[-7.93778,40.2793],[-7.93815,40.27903],[-7.93989,40.27851],[-7.94031,40.27829],[-7.94055,40.27863],[-7.94056,40.27917],[-7.94144,40.2801],[-7.94168,40.27952],[-7.94289,40.27994],[-7.94322,40.28018],[-7.94334,40.28008],[-7.94326,40.27983],[-7.94392,40.28],[-7.94431,40.28036],[-7.94504,40.27979],[-7.94542,40.28014],[-7.94582,40.28028],[-7.94643,40.27959],[-7.94744,40.27961],[-7.94737,40.28009],[-7.94664,40.28038],[-7.94656,40.28054],[-7.94665,40.28094],[-7.94832,40.2809],[-7.9487,40.2806],[-7.94892,40.28001],[-7.94938,40.27985],[-7.9495,40.28027],[-7.95035,40.2811],[-7.95113,40.28112],[-7.95126,40.28145],[-7.95138,40.28151],[-7.95229,40.28126],[-7.95249,40.28137],[-7.95264,40.28169],[-7.95223,40.28185],[-7.95192,40.28236],[-7.95077,40.28281],[-7.95027,40.28278],[-7.94961,40.28256],[-7.94924,40.28271],[-7.94843,40.28247],[-7.94796,40.2825],[-7.94777,40.28243],[-7.94659,40.28256],[-7.94605,40.2824],[-7.94672,40.28283],[-7.94819,40.28331],[-7.94905,40.28388],[-7.95009,40.28429],[-7.95187,40.28522],[-7.95249,40.28569],[-7.95284,40.2864],[-7.95194,40.28738],[-7.95037,40.28815],[-7.95046,40.28857],[-7.95088,40.28894],[-7.95027,40.28907],[-7.94965,40.28952],[-7.94848,40.28975],[-7.94863,40.29023],[-7.94899,40.29042],[-7.94857,40.29062],[-7.94795,40.29128],[-7.94783,40.29173],[-7.9465,40.29211],[-7.94626,40.29196],[-7.947,40.29138],[-7.9467,40.29105],[-7.94726,40.28995],[-7.94781,40.28964],[-7.9485,40.28888],[-7.94881,40.28807],[-7.94921,40.28772],[-7.94917,40.28751],[-7.94944,40.28737],[-7.94972,40.2867],[-7.95049,40.28567],[-7.95024,40.28487],[-7.94959,40.28434],[-7.94938,40.28451],[-7.94928,40.28447],[-7.94767,40.28349],[-7.94645,40.28314],[-7.94557,40.28308],[-7.94525,40.28315],[-7.94432,40.28366],[-7.94201,40.28531]]}},{"type":"Feature","properties":{"id":"pr5-agn-entre-o-alva-e-a-ribeira-da-mata","tipo":"PR","ficha":0,"codigo":"PR5 AGN"},"geometry":{"type":"MultiLineString","coordinates":[[[-7.9895,40.26974],[-7.99028,40.27015],[-7.99005,40.27037],[-7.98998,40.27081],[-7.98967,40.27101],[-7.98971,40.27119],[-7.99015,40.27153],[-7.99006,40.27212],[-7.99041,40.27327],[-7.99114,40.27443]],[[-7.9911,40.27437],[-7.98965,40.2772],[-7.98913,40.27843],[-7.989,40.27912],[-7.98927,40.28057],[-7.98818,40.28072],[-7.98847,40.28099],[-7.9883,40.28144],[-7.98819,40.28151],[-7.98788,40.28119],[-7.98759,40.28138],[-7.98754,40.28152],[-7.98759,40.28173],[-7.98746,40.28181],[-7.98777,40.28218],[-7.98696,40.28232],[-7.98539,40.28291],[-7.98519,40.28322],[-7.98504,40.28375],[-7.98486,40.28395],[-7.98493,40.28462],[-7.98618,40.28509],[-7.98659,40.28551],[-7.98703,40.28567],[-7.98587,40.28665],[-7.98604,40.28707],[-7.9859,40.28731],[-7.98467,40.28774],[-7.98366,40.28822],[-7.98316,40.28811],[-7.983,40.28815],[-7.98296,40.28836],[-7.98179,40.28801],[-7.98089,40.28754],[-7.98019,40.28736],[-7.97907,40.28655],[-7.97879,40.28644],[-7.97792,40.28638],[-7.97775,40.28617],[-7.97753,40.28611],[-7.9774,40.28613],[-7.97693,40.28659],[-7.9766,40.28671],[-7.97639,40.28668],[-7.9755,40.28614],[-7.97494,40.28623],[-7.9746,40.28616],[-7.97424,40.28582],[-7.97419,40.28563],[-7.97363,40.28598],[-7.97331,40.28633],[-7.97315,40.28637],[-7.97276,40.28622],[-7.97255,40.28669],[-7.97198,40.28685],[-7.97089,40.28691],[-7.97016,40.28648],[-7.96966,40.28632],[-7.96926,40.28741],[-7.96829,40.28731],[-7.96776,40.28697],[-7.96683,40.28696],[-7.96705,40.28718],[-7.96713,40.28756],[-7.96683,40.28819],[-7.96699,40.28874],[-7.96697,40.28914],[-7.96731,40.28963],[-7.96721,40.28983],[-7.96594,40.29022],[-7.96582,40.28968],[-7.96485,40.28961],[-7.96438,40.28923],[-7.96397,40.28916],[-7.96382,40.28889],[-7.96385,40.28869],[-7.96309,40.28843],[-7.96285,40.28811],[-7.96225,40.28803],[-7.96191,40.28788]],[[-7.96202,40.28785],[-7.96207,40.28768],[-7.96123,40.28682],[-7.96098,40.28687],[-7.96101,40.28653],[-7.9613,40.28612],[-7.9612,40.2861],[-7.96112,40.28634],[-7.96093,40.28648],[-7.9597,40.28657],[-7.95941,40.28571],[-7.95945,40.28485],[-7.95914,40.28416],[-7.95921,40.28352],[-7.95814,40.28328],[-7.95766,40.28267],[-7.95769,40.28245],[-7.95847,40.28185],[-7.95898,40.28126],[-7.95962,40.28025],[-7.95967,40.2797],[-7.96011,40.27974],[-7.9605,40.27948],[-7.96221,40.27913],[-7.96237,40.27898],[-7.9624,40.27841],[-7.96391,40.27843],[-7.96632,40.27984],[-7.96713,40.28108],[-7.96733,40.28179],[-7.96756,40.28192],[-7.96776,40.28188],[-7.96845,40.28072],[-7.96912,40.28015],[-7.96994,40.27922],[-7.97016,40.27818],[-7.9704,40.27836],[-7.97097,40.27778],[-7.9719,40.27756],[-7.97266,40.27715],[-7.97313,40.27716],[-7.97439,40.27762],[-7.97462,40.27763],[-7.97494,40.27754],[-7.97579,40.27693],[-7.97758,40.27517],[-7.97776,40.27487],[-7.97841,40.27253],[-7.97878,40.27219],[-7.97983,40.27177],[-7.98041,40.27109],[-7.98053,40.27117],[-7.98074,40.27111],[-7.98149,40.27123],[-7.9819,40.27109],[-7.98254,40.27128],[-7.98276,40.27124],[-7.98331,40.27028],[-7.98356,40.27005],[-7.98357,40.27029],[-7.98383,40.27051],[-7.98438,40.27136],[-7.98549,40.27164],[-7.98564,40.27185],[-7.98583,40.2718],[-7.98581,40.27162],[-7.98479,40.27077],[-7.98481,40.27054],[-7.98542,40.27081],[-7.98547,40.27099],[-7.98616,40.27161],[-7.98628,40.27167],[-7.98658,40.27162],[-7.98798,40.27049],[-7.98851,40.26996],[-7.98894,40.26933],[-7.98955,40.26894],[-7.98936,40.26866],[-7.9895,40.26851],[-7.9893,40.26791]]]}},{"type":"Feature","properties":{"id":"pr5-1-agn-entre-o-alva-e-a-ribeira-da-mata-variante","tipo":"PR","ficha":0,"codigo":"PR5.1 AGN"},"geometry":{"type":"MultiLineString","coordinates":[[[-7.97831,40.27275],[-7.9767,40.27299],[-7.97525,40.27304],[-7.9735,40.27359],[-7.97083,40.27357],[-7.97007,40.27335],[-7.96853,40.27175],[-7.96836,40.27134],[-7.96844,40.27121],[-7.96949,40.27066],[-7.96935,40.27038],[-7.96945,40.26942],[-7.96996,40.26947],[-7.97087,40.26913],[-7.97098,40.26902],[-7.97105,40.2682],[-7.97074,40.26752],[-7.97087,40.26707],[-7.9728,40.26736],[-7.97311,40.26695],[-7.97341,40.26676],[-7.97344,40.26662],[-7.97319,40.26573],[-7.97303,40.26548],[-7.97278,40.26522],[-7.97238,40.26515],[-7.97256,40.26334],[-7.97228,40.26317],[-7.97194,40.26277],[-7.972,40.26229],[-7.97174,40.26175],[-7.97195,40.26069],[-7.97163,40.26033],[-7.97066,40.25982]],[[-7.97072,40.25977],[-7.97098,40.25924],[-7.97127,40.25813],[-7.97087,40.25725],[-7.97126,40.2568],[-7.97148,40.25608],[-7.97142,40.2556],[-7.97165,40.25479],[-7.97221,40.25423],[-7.97123,40.25366],[-7.97127,40.25354],[-7.97101,40.2535]],[[-7.97089,40.25345],[-7.96862,40.25244],[-7.96777,40.25173],[-7.96789,40.25159],[-7.96777,40.25142],[-7.96696,40.25115],[-7.96663,40.25108],[-7.96621,40.25147],[-7.96598,40.25185],[-7.96558,40.25178],[-7.96544,40.25184],[-7.96579,40.25113],[-7.96655,40.25042],[-7.96899,40.25009],[-7.96911,40.25018],[-7.96987,40.2503],[-7.97041,40.25072],[-7.97158,40.25115],[-7.97177,40.25147],[-7.97234,40.25145],[-7.97294,40.25166],[-7.97407,40.25268],[-7.97411,40.2531],[-7.97425,40.2533],[-7.97516,40.25381],[-7.97618,40.25372],[-7.97676,40.25355],[-7.9773,40.25378],[-7.97798,40.25316],[-7.97864,40.25314],[-7.97911,40.25393],[-7.98028,40.25518],[-7.98023,40.25546],[-7.97973,40.25581],[-7.9796,40.25649],[-7.98007,40.25704],[-7.98011,40.25763],[-7.98042,40.25787],[-7.98099,40.25867],[-7.98168,40.25882],[-7.9824,40.25926],[-7.98264,40.26027],[-7.98397,40.26161],[-7.98347,40.26227],[-7.98353,40.26247],[-7.98377,40.26262],[-7.98347,40.26333],[-7.98369,40.2638],[-7.98375,40.26441],[-7.98399,40.26506],[-7.98411,40.26504],[-7.98424,40.26518],[-7.98422,40.26562],[-7.98448,40.26611],[-7.98554,40.26649],[-7.98656,40.26655],[-7.98708,40.26649],[-7.98742,40.26657],[-7.98752,40.26641],[-7.98799,40.26666]]]}},{"type":"Feature","properties":{"id":"pr5-2-agn-entre-o-alva-e-a-ribeira-da-mata-variante","tipo":"PR","ficha":0,"codigo":"PR5.2 AGN"},"geometry":{"type":"LineString","coordinates":[[-7.96485,40.28961],[-7.96437,40.2896],[-7.96416,40.29027],[-7.96389,40.29057],[-7.96391,40.29131],[-7.96358,40.29246],[-7.96317,40.2926],[-7.96253,40.29313],[-7.96256,40.29395],[-7.9619,40.29541],[-7.9612,40.29561],[-7.96103,40.29586],[-7.96055,40.29608],[-7.96039,40.29595],[-7.96045,40.29563],[-7.96062,40.29542],[-7.96057,40.29528],[-7.96013,40.29534],[-7.95991,40.29517],[-7.96015,40.29474],[-7.96003,40.29404],[-7.95881,40.29311],[-7.95757,40.29258],[-7.95697,40.29204],[-7.95695,40.29169],[-7.95861,40.29088],[-7.95924,40.29019],[-7.96045,40.28859],[-7.96098,40.28687]]}},{"type":"Feature","properties":{"id":"gr22-grande-rota-das-aldeias-historicas","tipo":"GR","ficha":0,"codigo":"GR22"},"geometry":{"type":"MultiLineString","coordinates":[[[-7.74595,40.10169],[-7.74618,40.10234],[-7.74572,40.10238],[-7.746,40.10308],[-7.74667,40.10361],[-7.74782,40.10398],[-7.74799,40.1043],[-7.74811,40.10488],[-7.74979,40.106],[-7.75113,40.10646],[-7.75269,40.10646],[-7.75322,40.10676],[-7.75375,40.10681],[-7.75468,40.10676],[-7.75558,40.10714],[-7.75626,40.10715],[-7.75673,40.10697],[-7.75796,40.10626],[-7.75803,40.10589],[-7.75821,40.10585],[-7.75852,40.10605],[-7.75854,40.10654],[-7.75915,40.10639],[-7.7594,40.10698],[-7.75985,40.10745],[-7.76002,40.10753],[-7.76061,40.1075],[-7.76156,40.10781],[-7.76148,40.10748],[-7.76082,40.10663],[-7.76114,40.10638],[-7.76239,40.10647],[-7.76293,40.10615],[-7.76472,40.10598],[-7.76623,40.10517],[-7.76657,40.10471],[-7.76692,40.10456],[-7.76739,40.10462],[-7.76798,40.10491],[-7.76815,40.10474],[-7.76796,40.1045],[-7.76828,40.10463],[-7.76916,40.10468],[-7.76944,40.1048],[-7.76987,40.10509],[-7.77009,40.10619],[-7.77036,40.10635],[-7.77053,40.10659],[-7.77178,40.10691],[-7.77233,40.10751],[-7.77273,40.10763],[-7.77446,40.10883],[-7.77504,40.10886],[-7.77538,40.1091],[-7.7757,40.10952],[-7.77631,40.10969],[-7.77722,40.10969],[-7.77899,40.11073],[-7.77926,40.1107],[-7.77981,40.11091],[-7.78041,40.11073],[-7.78144,40.1106],[-7.78216,40.11094],[-7.78245,40.11122],[-7.78272,40.11208],[-7.78318,40.11268],[-7.78388,40.11447],[-7.78408,40.11472],[-7.78436,40.11487],[-7.78452,40.11484],[-7.78461,40.11461],[-7.78578,40.11566],[-7.78685,40.11724],[-7.78761,40.11797],[-7.7882,40.11883],[-7.78846,40.11897],[-7.78877,40.119],[-7.7889,40.11883],[-7.78919,40.11873],[-7.78932,40.11897],[-7.78959,40.11905],[-7.78977,40.11888],[-7.78999,40.11894],[-7.78989,40.11872],[-7.79003,40.11875],[-7.7902,40.11865],[-7.79122,40.11917],[-7.79138,40.11958],[-7.79207,40.1197],[-7.79333,40.12043],[-7.79386,40.12063],[-7.79412,40.12082],[-7.79433,40.12118],[-7.79474,40.1214],[-7.79577,40.12192],[-7.79636,40.12193],[-7.79691,40.12206],[-7.79704,40.12216],[-7.79707,40.12264],[-7.7973,40.12286],[-7.79828,40.12303],[-7.79833,40.12297],[-7.79816,40.12279],[-7.79811,40.12247],[-7.79879,40.12266],[-7.80005,40.12327],[-7.8006,40.12389],[-7.80086,40.12394],[-7.80146,40.12462],[-7.80164,40.12463],[-7.80174,40.12474],[-7.80278,40.12621],[-7.80306,40.12719],[-7.80439,40.12887],[-7.80452,40.12934],[-7.80469,40.12943],[-7.80521,40.12938],[-7.80658,40.12969],[-7.80732,40.13007],[-7.80726,40.13084],[-7.80812,40.13138],[-7.80841,40.1313],[-7.80843,40.13172],[-7.80793,40.1326],[-7.80783,40.13316],[-7.80706,40.13396],[-7.80633,40.13424],[-7.80561,40.13431],[-7.80523,40.13457],[-7.80498,40.13507],[-7.80497,40.13553],[-7.80513,40.1357],[-7.80465,40.13594],[-7.80451,40.13582],[-7.80371,40.13609],[-7.80354,40.13646],[-7.80319,40.13679],[-7.80285,40.13693],[-7.80247,40.13727],[-7.8013,40.13704],[-7.80104,40.13706],[-7.8006,40.13687],[-7.80014,40.13766],[-7.8002,40.13839],[-7.80044,40.13894],[-7.8003,40.13919],[-7.80041,40.13986],[-7.80099,40.14028],[-7.80075,40.14062],[-7.80061,40.14061],[-7.80053,40.14077],[-7.80022,40.14082],[-7.80041,40.14118],[-7.80168,40.14174],[-7.80249,40.14175],[-7.80358,40.14157],[-7.80363,40.14179],[-7.80303,40.14324],[-7.80148,40.1448],[-7.80166,40.14539],[-7.80155,40.14622],[-7.80061,40.14634],[-7.80041,40.14644],[-7.80022,40.14674],[-7.79946,40.14679],[-7.79913,40.14689],[-7.79876,40.1472],[-7.79872,40.14766],[-7.79931,40.14844],[-7.7994,40.14893],[-7.79886,40.15019],[-7.79821,40.15123],[-7.79649,40.15307],[-7.79553,40.15526],[-7.79539,40.15637],[-7.79586,40.15764],[-7.7958,40.15814],[-7.79598,40.15889],[-7.7958,40.15931],[-7.79497,40.15992]],[[-7.8071,40.18495],[-7.80721,40.18517],[-7.80767,40.18532],[-7.80888,40.185],[-7.80768,40.18607],[-7.80644,40.18655],[-7.80589,40.1866],[-7.80683,40.18678],[-7.80786,40.18669],[-7.80629,40.18718],[-7.8052,40.18764],[-7.80463,40.18805],[-7.8041,40.18818],[-7.80371,40.18899],[-7.80242,40.19004]],[[-7.80206,40.19059],[-7.80215,40.19084],[-7.80307,40.19144],[-7.80315,40.19171],[-7.80297,40.19231],[-7.80262,40.19289],[-7.80101,40.19462],[-7.79991,40.19537]],[[-7.79595,40.20101],[-7.79564,40.20189],[-7.79536,40.20225],[-7.79438,40.2029],[-7.79375,40.20301]],[[-7.78963,40.20519],[-7.78947,40.20545],[-7.78875,40.20602],[-7.78721,40.20661],[-7.78686,40.20693],[-7.78647,40.20753],[-7.78579,40.20778],[-7.78516,40.2078],[-7.78477,40.20791]],[[-7.78308,40.22505],[-7.78345,40.22513],[-7.78387,40.22503],[-7.78468,40.22507],[-7.78525,40.2253],[-7.78569,40.2256],[-7.78672,40.2259],[-7.78763,40.22576],[-7.78838,40.22577],[-7.79024,40.22602],[-7.79114,40.22602],[-7.79359,40.22552],[-7.79401,40.22535],[-7.79568,40.22434],[-7.79592,40.22362],[-7.79604,40.2235],[-7.79761,40.22287],[-7.79846,40.22272],[-7.80091,40.22277],[-7.80265,40.2232],[-7.80397,40.22341],[-7.8075,40.22368],[-7.80886,40.22326],[-7.81046,40.22225],[-7.81139,40.22188],[-7.81244,40.22176],[-7.8127,40.22163],[-7.81351,40.22092],[-7.81373,40.22051],[-7.81415,40.22017],[-7.81441,40.21979],[-7.81502,40.21941],[-7.81525,40.21898],[-7.81648,40.21823],[-7.81831,40.21741],[-7.81923,40.2171],[-7.81981,40.21702],[-7.8213,40.21628],[-7.82215,40.21612],[-7.82348,40.21553],[-7.82371,40.21545],[-7.82481,40.21558],[-7.82556,40.21528],[-7.82604,40.21521],[-7.82631,40.21521],[-7.82713,40.2157],[-7.83013,40.21585],[-7.83084,40.21627],[-7.83169,40.21657],[-7.83228,40.21703],[-7.83366,40.21746],[-7.83617,40.21866],[-7.83773,40.2192],[-7.8389,40.21978],[-7.83935,40.21988],[-7.84152,40.22087],[-7.84218,40.221],[-7.8427,40.22089],[-7.84411,40.22022],[-7.8441,40.22031],[-7.84336,40.22093],[-7.84277,40.22169],[-7.84221,40.22192],[-7.84297,40.22249],[-7.84324,40.22255],[-7.84335,40.22273],[-7.84311,40.2232],[-7.8422,40.22346],[-7.8421,40.22357],[-7.84212,40.22401],[-7.84252,40.22454],[-7.84224,40.22456],[-7.84182,40.22446],[-7.84178,40.22461],[-7.84226,40.22502],[-7.84217,40.22514],[-7.84124,40.22543],[-7.84121,40.22694],[-7.84048,40.22783],[-7.84008,40.22958],[-7.83997,40.22975],[-7.83947,40.2299],[-7.83951,40.23071],[-7.83981,40.23107],[-7.83976,40.23129],[-7.83945,40.23165],[-7.83939,40.23224],[-7.83859,40.23276],[-7.83828,40.23307],[-7.83808,40.23347],[-7.83806,40.23402],[-7.83834,40.2346],[-7.83802,40.23532],[-7.83792,40.23595],[-7.83735,40.23541],[-7.83677,40.23422],[-7.83636,40.23397],[-7.83621,40.2337],[-7.83646,40.23298],[-7.83642,40.2325],[-7.83726,40.23169],[-7.83697,40.23125],[-7.83679,40.2297],[-7.83582,40.22948],[-7.83453,40.22949],[-7.83389,40.2294],[-7.83354,40.22918],[-7.83353,40.22891],[-7.8334,40.22884],[-7.83313,40.22947],[-7.83321,40.22975],[-7.83368,40.23008],[-7.83414,40.23011],[-7.83421,40.23023],[-7.83357,40.23042],[-7.83277,40.23043],[-7.83153,40.23027],[-7.83112,40.23004],[-7.83099,40.23023],[-7.83111,40.23035],[-7.83033,40.23039],[-7.83033,40.23028],[-7.82965,40.23051],[-7.82942,40.23068],[-7.82954,40.23039],[-7.82857,40.2306],[-7.82879,40.2304],[-7.82855,40.23043],[-7.82862,40.23037],[-7.82846,40.23036],[-7.82819,40.23054],[-7.8279,40.23058],[-7.82746,40.23032],[-7.82727,40.22974],[-7.82734,40.22961],[-7.82753,40.2296],[-7.82743,40.22946],[-7.82773,40.22955],[-7.82786,40.22951],[-7.82778,40.22917],[-7.82747,40.22901],[-7.8262,40.22883],[-7.82605,40.22873],[-7.82583,40.22824],[-7.82564,40.22826],[-7.82552,40.22913],[-7.82502,40.22925],[-7.82486,40.22949],[-7.82512,40.2298],[-7.82466,40.2299],[-7.82403,40.2304],[-7.82395,40.23071],[-7.82412,40.23132],[-7.82464,40.23203],[-7.82475,40.23237],[-7.82427,40.23277],[-7.8242,40.23299],[-7.82374,40.2332],[-7.82284,40.23537],[-7.82244,40.23557],[-7.82168,40.23685],[-7.82062,40.23714],[-7.82016,40.23706],[-7.8197,40.23667],[-7.81912,40.23681],[-7.8191,40.23707],[-7.8193,40.23765],[-7.81978,40.23865],[-7.81955,40.23967],[-7.81987,40.24035],[-7.81966,40.24049],[-7.81907,40.24062],[-7.81838,40.24099],[-7.8181,40.24145],[-7.81782,40.24159],[-7.81787,40.24174],[-7.81776,40.24191],[-7.81656,40.2422],[-7.81596,40.24312],[-7.81576,40.24313],[-7.81567,40.24354],[-7.81536,40.24378],[-7.81536,40.24398],[-7.81491,40.24459],[-7.81466,40.24464],[-7.8143,40.24458],[-7.81397,40.24476],[-7.81357,40.24522],[-7.81349,40.24546],[-7.81371,40.24629],[-7.81264,40.24651],[-7.81266,40.24662],[-7.8128,40.24659],[-7.81286,40.24667],[-7.81265,40.24689],[-7.81283,40.24691],[-7.81309,40.24731],[-7.81286,40.24751],[-7.81266,40.24832],[-7.81252,40.24845],[-7.81228,40.24845],[-7.8125,40.24802],[-7.81117,40.24878],[-7.81085,40.25003],[-7.81003,40.25039],[-7.80996,40.25061],[-7.80942,40.25115],[-7.80888,40.25146],[-7.80845,40.25218],[-7.80784,40.25241],[-7.80648,40.25217],[-7.80635,40.25227],[-7.80645,40.25282],[-7.80637,40.25299],[-7.80606,40.2531],[-7.80545,40.25309],[-7.80538,40.25321],[-7.80552,40.25349],[-7.80544,40.25378],[-7.80476,40.25448],[-7.80499,40.2554],[-7.80442,40.25628],[-7.8045,40.25662]]]}},{"type":"Feature","properties":{"id":"gr51-grande-rota-do-alva","tipo":"GR","ficha":0,"codigo":"GR51"},"geometry":{"type":"MultiLineString","coordinates":[[[-8.24516,40.29567],[-8.24502,40.29514],[-8.24473,40.29507],[-8.24426,40.29551],[-8.24338,40.29589],[-8.2425,40.29589],[-8.24168,40.29614],[-8.23843,40.29611],[-8.23744,40.29654],[-8.2371,40.2969],[-8.23694,40.29724],[-8.23636,40.29765],[-8.23495,40.2977],[-8.23421,40.29784],[-8.23348,40.29783],[-8.2324,40.29818],[-8.23197,40.29734],[-8.23203,40.29576],[-8.23195,40.29517],[-8.232,40.29483],[-8.23249,40.29437],[-8.23265,40.29391],[-8.23212,40.29376],[-8.23197,40.2936],[-8.23179,40.29228],[-8.23151,40.292],[-8.23113,40.29229],[-8.23039,40.29258],[-8.22929,40.29274],[-8.22877,40.29274],[-8.2286,40.29232],[-8.22753,40.29221],[-8.22683,40.2919],[-8.22671,40.29169],[-8.22633,40.29154],[-8.22603,40.29129],[-8.22536,40.29125],[-8.2251,40.29082],[-8.22451,40.29067],[-8.22471,40.29045],[-8.22474,40.29022],[-8.22421,40.28986],[-8.22372,40.28979],[-8.22369,40.28954],[-8.22317,40.28913],[-8.22301,40.28913],[-8.22364,40.28881],[-8.22337,40.28826],[-8.22346,40.28716],[-8.22325,40.28709],[-8.22206,40.28725],[-8.22046,40.28723],[-8.2194,40.28659],[-8.21947,40.28618],[-8.21898,40.28587],[-8.21898,40.28569],[-8.21913,40.28554],[-8.21898,40.28522],[-8.21885,40.28513],[-8.2186,40.28456],[-8.21832,40.28462],[-8.21831,40.28445],[-8.21868,40.28443],[-8.21867,40.28437],[-8.21804,40.2842],[-8.21772,40.28397],[-8.2174,40.28406],[-8.21705,40.28436],[-8.21677,40.28441],[-8.21633,40.2848],[-8.21602,40.2853],[-8.21628,40.28547],[-8.21639,40.28584],[-8.21592,40.2862],[-8.21504,40.28666],[-8.21414,40.28777],[-8.21389,40.28829],[-8.21384,40.28909],[-8.21407,40.28958],[-8.2139,40.29003],[-8.21269,40.29068],[-8.21253,40.29088],[-8.21192,40.29095],[-8.21073,40.29078],[-8.21004,40.29048],[-8.20937,40.29],[-8.20919,40.28973],[-8.20929,40.28931],[-8.20915,40.28891],[-8.20897,40.28895],[-8.20813,40.28859],[-8.20904,40.28836],[-8.20945,40.28757],[-8.21012,40.28678],[-8.21043,40.28545],[-8.21069,40.28539],[-8.21091,40.28547],[-8.21145,40.28492],[-8.21157,40.28496],[-8.21175,40.28474],[-8.21181,40.28435],[-8.2115,40.28318],[-8.21115,40.28266],[-8.21111,40.28133],[-8.21101,40.28093],[-8.21064,40.28023],[-8.21026,40.27978],[-8.20962,40.27944],[-8.20864,40.27941],[-8.20794,40.27956],[-8.20722,40.2795],[-8.20693,40.27935],[-8.20646,40.27931],[-8.20605,40.27896],[-8.20573,40.27882],[-8.20561,40.27857],[-8.20579,40.27833],[-8.20579,40.27819],[-8.20561,40.27804],[-8.20574,40.27793],[-8.20568,40.27779],[-8.20521,40.2778],[-8.20482,40.27767],[-8.20511,40.2774],[-8.20533,40.27693],[-8.2055,40.2746],[-8.20533,40.27434],[-8.20437,40.27404],[-8.20385,40.27407],[-8.20289,40.2748],[-8.20229,40.27512],[-8.20206,40.27543],[-8.20208,40.27656],[-8.2024,40.27747],[-8.2024,40.278],[-8.20225,40.27837],[-8.2022,40.27796],[-8.20201,40.27771],[-8.20189,40.27813],[-8.20108,40.27868],[-8.20083,40.27848],[-8.20042,40.27839],[-8.20004,40.27842],[-8.19934,40.27812],[-8.19868,40.27761],[-8.19802,40.27725],[-8.19752,40.2763],[-8.19724,40.27621],[-8.19734,40.27553],[-8.19729,40.27494],[-8.19703,40.27445],[-8.19644,40.27366],[-8.19605,40.27345],[-8.19574,40.27346],[-8.19628,40.27271],[-8.1966,40.27257],[-8.19625,40.27248],[-8.19615,40.27238],[-8.19703,40.27213],[-8.19778,40.27124],[-8.19778,40.27096],[-8.19768,40.27088],[-8.19801,40.27112],[-8.19833,40.27103],[-8.19922,40.27019],[-8.19937,40.26908],[-8.1989,40.26867],[-8.19815,40.26723],[-8.19724,40.2661],[-8.19673,40.26563],[-8.19585,40.26526],[-8.1958,40.26536],[-8.19551,40.26536],[-8.1952,40.2656],[-8.19478,40.26569],[-8.1939,40.26572],[-8.19348,40.26563],[-8.19354,40.26548],[-8.19435,40.26538],[-8.19471,40.26519],[-8.19488,40.26485],[-8.19481,40.26444],[-8.19458,40.26422],[-8.19423,40.26408],[-8.19321,40.26303],[-8.19253,40.26296],[-8.19235,40.26267],[-8.19211,40.26255],[-8.19082,40.26231],[-8.19018,40.26201],[-8.19033,40.26184],[-8.19113,40.26151],[-8.19204,40.26071],[-8.19254,40.26049],[-8.19243,40.26005],[-8.19261,40.25882],[-8.19246,40.25863],[-8.19258,40.25834],[-8.19235,40.25806],[-8.19255,40.25789],[-8.19256,40.25767],[-8.19225,40.25673],[-8.19241,40.25612],[-8.19207,40.25582],[-8.19204,40.25563],[-8.19268,40.25544],[-8.19301,40.255],[-8.19346,40.25507],[-8.19366,40.25453],[-8.19417,40.25417],[-8.1945,40.25414],[-8.1948,40.25397],[-8.19539,40.25412],[-8.19577,40.25396],[-8.19664,40.25424],[-8.19715,40.25419],[-8.19733,40.25402],[-8.19816,40.25416],[-8.19802,40.25397],[-8.19715,40.25357],[-8.19693,40.25327],[-8.19692,40.25303],[-8.19707,40.2528],[-8.19865,40.2534],[-8.1991,40.25333],[-8.20004,40.25291],[-8.19966,40.25211],[-8.19885,40.2517],[-8.19859,40.25147],[-8.19806,40.25001],[-8.1955,40.24899],[-8.19526,40.24877],[-8.195,40.24767],[-8.19553,40.24657],[-8.19532,40.24646],[-8.19529,40.24626],[-8.19544,40.24595],[-8.19574,40.24569],[-8.19585,40.24521],[-8.19628,40.24468],[-8.19594,40.24394],[-8.19608,40.24369],[-8.196,40.24341],[-8.19502,40.2428],[-8.19368,40.24248],[-8.19301,40.24256],[-8.19185,40.24239],[-8.19149,40.24242],[-8.19105,40.24307],[-8.19088,40.24462],[-8.19018,40.24626],[-8.19025,40.24645],[-8.19092,40.24677],[-8.19096,40.2475],[-8.19026,40.2489],[-8.18948,40.24957],[-8.18918,40.24957],[-8.18806,40.24916],[-8.18782,40.24889],[-8.18776,40.24832],[-8.18782,40.24798],[-8.1884,40.24705],[-8.18922,40.24669],[-8.18932,40.24653],[-8.18934,40.24563],[-8.18914,40.24511],[-8.18846,40.24468],[-8.1881,40.2441],[-8.18712,40.24354],[-8.1865,40.24339],[-8.18554,40.24336],[-8.18453,40.24367],[-8.18416,40.2439],[-8.18348,40.24453],[-8.18307,40.24509],[-8.18254,40.24552],[-8.18236,40.24584],[-8.18248,40.24601],[-8.18239,40.24679],[-8.18215,40.24723],[-8.1814,40.24782],[-8.18118,40.24819],[-8.18079,40.24946],[-8.18072,40.25029],[-8.18036,40.25093],[-8.17921,40.25131],[-8.17717,40.25128],[-8.17657,40.25144],[-8.17626,40.25143],[-8.17612,40.25133],[-8.17595,40.25103],[-8.176,40.25083],[-8.17772,40.24984],[-8.17816,40.24922],[-8.17747,40.24774],[-8.17761,40.24696],[-8.17793,40.24696],[-8.17845,40.24677],[-8.17887,40.2463],[-8.17896,40.24608],[-8.17894,40.24527],[-8.17866,40.24494],[-8.17768,40.24465],[-8.17645,40.24456],[-8.17377,40.24502],[-8.17337,40.24467],[-8.17366,40.24524],[-8.17286,40.24571],[-8.17233,40.24629],[-8.17168,40.24673],[-8.17118,40.24728],[-8.17041,40.2477],[-8.16998,40.24785],[-8.16918,40.24793],[-8.16911,40.24811],[-8.16897,40.24815],[-8.16818,40.24825],[-8.16701,40.2488],[-8.16476,40.24908],[-8.1641,40.24884],[-8.16376,40.24832],[-8.16371,40.24787],[-8.16395,40.24739],[-8.16424,40.24724],[-8.16501,40.24734],[-8.16549,40.24721],[-8.16479,40.24608],[-8.16432,40.24567],[-8.164,40.24556],[-8.16352,40.24555],[-8.16263,40.24584],[-8.16289,40.24456],[-8.16258,40.24419],[-8.16255,40.24392],[-8.16232,40.24377],[-8.162,40.24406],[-8.16166,40.24552],[-8.16099,40.24688],[-8.16049,40.24745],[-8.16057,40.24806],[-8.1603,40.2491],[-8.15997,40.24968],[-8.16043,40.25057],[-8.16023,40.25161],[-8.16,40.2521],[-8.15956,40.25202],[-8.1587,40.25126],[-8.15834,40.25122],[-8.15735,40.2513],[-8.15672,40.25146],[-8.15633,40.25199],[-8.15594,40.25197],[-8.15562,40.25215],[-8.15464,40.25177],[-8.154,40.25191],[-8.15394,40.25214],[-8.1534,40.25217],[-8.15284,40.25236],[-8.15103,40.25198],[-8.1508,40.25223],[-8.1504,40.25319],[-8.15016,40.25326],[-8.15008,40.2532],[-8.15012,40.25141],[-8.14974,40.25068],[-8.14956,40.25065],[-8.14822,40.25125],[-8.14767,40.25163],[-8.14706,40.25235],[-8.14638,40.25275],[-8.1464,40.25328],[-8.14587,40.25313],[-8.14572,40.25323],[-8.14563,40.2534],[-8.14564,40.25386],[-8.14595,40.25444],[-8.14591,40.25453],[-8.1457,40.2545],[-8.14518,40.25409],[-8.14481,40.25328],[-8.14463,40.25334],[-8.14405,40.25397],[-8.14302,40.25447],[-8.143,40.2547],[-8.14342,40.25525],[-8.14335,40.25582],[-8.14365,40.25657],[-8.14353,40.25661],[-8.143,40.25612],[-8.14274,40.25557],[-8.14254,40.25542],[-8.14119,40.25542],[-8.13995,40.2558],[-8.13916,40.25586],[-8.13897,40.256],[-8.13879,40.25592],[-8.13877,40.25579],[-8.13895,40.25565],[-8.13847,40.25519],[-8.13832,40.25518],[-8.13807,40.25532],[-8.13784,40.25568],[-8.13759,40.25549],[-8.13743,40.25531],[-8.13758,40.25493],[-8.13804,40.25454],[-8.13866,40.25433],[-8.13946,40.25438],[-8.13937,40.25429],[-8.13846,40.25408],[-8.13805,40.25368],[-8.13766,40.25352],[-8.13756,40.25329],[-8.13715,40.25288],[-8.13665,40.25281],[-8.13659,40.25273],[-8.13659,40.25253],[-8.13677,40.25237],[-8.13866,40.25189],[-8.13867,40.25183],[-8.13852,40.2516],[-8.13799,40.25128],[-8.13743,40.25128],[-8.137,40.25081],[-8.13681,40.2503],[-8.13684,40.25017],[-8.13722,40.24988],[-8.1368,40.24945],[-8.13688,40.24919],[-8.13624,40.2494],[-8.13563,40.2493],[-8.13517,40.24888],[-8.135,40.24833],[-8.13449,40.24814],[-8.1344,40.24832],[-8.13457,40.24855],[-8.13461,40.24901],[-8.13436,40.24872],[-8.13399,40.24857],[-8.134,40.2488],[-8.13386,40.24889],[-8.13315,40.24871],[-8.13225,40.24923],[-8.13195,40.24918],[-8.13191,40.24904],[-8.13236,40.24864],[-8.13268,40.24818],[-8.13264,40.24782],[-8.13175,40.24759],[-8.13147,40.2474],[-8.13149,40.24718],[-8.13126,40.24708],[-8.12905,40.24714],[-8.12834,40.24683],[-8.12834,40.24655],[-8.12823,40.24648],[-8.12763,40.24641],[-8.12731,40.24605],[-8.12698,40.24604],[-8.12657,40.2456],[-8.126,40.2445],[-8.12624,40.24367],[-8.12648,40.24337],[-8.12566,40.24393],[-8.12527,40.24448],[-8.12472,40.24439],[-8.12458,40.24458],[-8.12422,40.24471],[-8.12426,40.24485],[-8.12312,40.2455],[-8.12241,40.24574],[-8.12172,40.24632],[-8.12103,40.24643],[-8.12065,40.24663],[-8.11964,40.24661],[-8.11907,40.2469],[-8.11883,40.24693],[-8.11786,40.24647],[-8.11634,40.24621],[-8.11592,40.24636],[-8.11531,40.24643],[-8.11456,40.24701],[-8.11376,40.24687],[-8.11313,40.24707],[-8.11286,40.24727],[-8.11231,40.24717],[-8.11197,40.2465],[-8.11151,40.2465],[-8.11139,40.24641],[-8.11127,40.24584],[-8.11065,40.2459],[-8.11035,40.2457],[-8.10999,40.24567],[-8.10978,40.24528],[-8.10953,40.24516],[-8.10468,40.24473],[-8.1041,40.24458],[-8.1026,40.24313],[-8.10136,40.24263],[-8.0985,40.24065],[-8.0975,40.23984],[-8.09728,40.23953],[-8.09633,40.23973],[-8.09596,40.23969],[-8.0953,40.2399],[-8.09456,40.23999],[-8.0944,40.23993],[-8.09389,40.23942],[-8.09363,40.23879],[-8.09467,40.23787],[-8.0951,40.23718],[-8.09573,40.23659],[-8.09535,40.23629],[-8.09512,40.23583],[-8.09444,40.2354],[-8.09389,40.23523],[-8.09346,40.23496],[-8.09216,40.23461],[-8.09123,40.23395],[-8.09058,40.23372],[-8.0904,40.2335],[-8.08969,40.23345],[-8.08798,40.23351],[-8.08702,40.23367],[-8.08694,40.23335],[-8.08647,40.23314],[-8.08626,40.23292],[-8.08498,40.23126],[-8.08407,40.23074],[-8.08296,40.2307],[-8.08008,40.23033],[-8.07917,40.22977],[-8.07784,40.22939],[-8.07709,40.22957],[-8.07628,40.22962],[-8.07569,40.22997],[-8.07511,40.23003],[-8.07449,40.23077],[-8.07414,40.2309],[-8.07379,40.23116],[-8.07307,40.23092],[-8.07244,40.23138],[-8.07191,40.23155],[-8.06971,40.23171],[-8.06958,40.23151],[-8.06738,40.23023],[-8.066,40.22918],[-8.06541,40.2289],[-8.06448,40.228],[-8.06423,40.22797],[-8.06348,40.22818],[-8.06243,40.22783],[-8.06152,40.2271],[-8.06076,40.22665],[-8.06037,40.22666],[-8.06001,40.22644],[-8.05979,40.22642],[-8.05954,40.22603],[-8.05756,40.22708],[-8.05532,40.22848],[-8.05603,40.22948],[-8.05801,40.2313],[-8.0578,40.23142],[-8.0566,40.23157],[-8.05643,40.23185],[-8.0565,40.23207]],[[-8.05645,40.23203],[-8.0564,40.23227],[-8.05623,40.23233],[-8.05567,40.23219],[-8.05422,40.23225],[-8.05387,40.23217],[-8.05373,40.23231],[-8.0534,40.23236],[-8.0532,40.23261],[-8.05221,40.23335],[-8.05144,40.23518],[-8.05132,40.23588],[-8.05111,40.23591],[-8.05083,40.23611],[-8.05043,40.23595],[-8.05075,40.23691],[-8.05036,40.23701],[-8.05033,40.23711],[-8.05049,40.23777],[-8.05029,40.23829],[-8.05092,40.24028],[-8.05105,40.24123],[-8.05142,40.24147],[-8.05153,40.24177],[-8.05118,40.24242],[-8.05111,40.24208],[-8.05086,40.24235],[-8.05041,40.24253],[-8.04972,40.2434],[-8.04955,40.24349],[-8.04883,40.24353],[-8.04829,40.24379],[-8.04774,40.24371],[-8.04676,40.24286],[-8.04668,40.24241],[-8.04652,40.24231],[-8.04637,40.24233],[-8.04587,40.24173],[-8.04537,40.24145],[-8.0449,40.24101],[-8.04378,40.24054],[-8.04225,40.24074],[-8.04103,40.24127],[-8.04052,40.24145],[-8.04034,40.24142],[-8.04009,40.24153],[-8.03923,40.24244],[-8.03831,40.2427],[-8.03793,40.24309],[-8.03723,40.24286],[-8.03687,40.24292],[-8.03624,40.2428],[-8.03631,40.24236],[-8.03616,40.24225],[-8.03608,40.24332],[-8.03637,40.24379],[-8.03624,40.24523],[-8.0365,40.24574],[-8.0365,40.2461],[-8.0359,40.24785],[-8.03571,40.2497],[-8.03553,40.25],[-8.03436,40.25107],[-8.03393,40.25163],[-8.03364,40.25166],[-8.0325,40.25113],[-8.03168,40.25098],[-8.03184,40.2506],[-8.03106,40.25097],[-8.03061,40.25146],[-8.03031,40.25149],[-8.03005,40.25141],[-8.02937,40.25199],[-8.02895,40.25196],[-8.0287,40.25205],[-8.02858,40.25197],[-8.0283,40.25208],[-8.02756,40.25199],[-8.0272,40.25205],[-8.02704,40.25213],[-8.02681,40.25272],[-8.02645,40.25289],[-8.02627,40.2529],[-8.02576,40.25247],[-8.02537,40.25251],[-8.02551,40.25321],[-8.02546,40.25361],[-8.02538,40.25368],[-8.02525,40.25363],[-8.02499,40.25344],[-8.0247,40.25391],[-8.02409,40.25414],[-8.02346,40.25467],[-8.02266,40.25497],[-8.02215,40.25496],[-8.02181,40.25483],[-8.02154,40.25453],[-8.0213,40.25449],[-8.02121,40.25414],[-8.02107,40.25405],[-8.02069,40.25422],[-8.02009,40.25421],[-8.01915,40.25345],[-8.01905,40.2536],[-8.01915,40.25387],[-8.01991,40.25462],[-8.02007,40.25475],[-8.02053,40.25485],[-8.0211,40.25542],[-8.02124,40.25578],[-8.02108,40.2559],[-8.02055,40.25586],[-8.01971,40.25552],[-8.01894,40.25548],[-8.01853,40.25512],[-8.01773,40.25485],[-8.01729,40.25454],[-8.01704,40.25449],[-8.01669,40.25483],[-8.01534,40.25545],[-8.01273,40.25525],[-8.01291,40.2558],[-8.01259,40.25629],[-8.01234,40.25619],[-8.0122,40.25624],[-8.01215,40.2569],[-8.01124,40.2575],[-8.00972,40.2581],[-8.009,40.25898],[-8.00884,40.259],[-8.00782,40.2585],[-8.00745,40.25795],[-8.00705,40.25774],[-8.00675,40.25742],[-8.00594,40.25725],[-8.00528,40.25696],[-8.00501,40.25708],[-8.005,40.25724],[-8.00421,40.25701],[-8.00309,40.25701],[-8.00269,40.25774],[-8.00248,40.25787],[-8.00206,40.25869],[-8.00118,40.25946],[-8.00065,40.26018],[-8.00005,40.26051],[-7.99983,40.26081],[-7.99917,40.26223],[-7.99825,40.26312],[-7.99795,40.26413],[-7.99691,40.2651],[-7.99662,40.26512],[-7.99647,40.26494],[-7.99624,40.26489],[-7.99563,40.26516],[-7.99449,40.26699],[-7.9941,40.26719],[-7.9924,40.26754],[-7.99167,40.26809],[-7.99007,40.26862],[-7.98894,40.26933],[-7.98851,40.26996],[-7.98798,40.27049],[-7.98658,40.27162],[-7.98628,40.27167],[-7.98616,40.27161],[-7.98547,40.27099],[-7.98542,40.27081],[-7.98481,40.27054],[-7.98479,40.27077],[-7.98581,40.27162],[-7.98578,40.27187],[-7.98564,40.27185],[-7.98549,40.27164],[-7.98438,40.27136],[-7.98383,40.27051],[-7.98357,40.27029],[-7.98356,40.27005],[-7.98331,40.27028],[-7.98276,40.27124],[-7.98254,40.27128],[-7.9819,40.27109],[-7.98149,40.27123],[-7.98074,40.27111],[-7.98053,40.27117],[-7.98041,40.27109],[-7.97983,40.27177],[-7.97878,40.27219],[-7.97841,40.27253],[-7.97776,40.27487],[-7.97758,40.27517],[-7.97579,40.27693],[-7.97494,40.27754],[-7.97462,40.27763],[-7.97439,40.27762],[-7.97313,40.27716],[-7.97266,40.27715],[-7.9719,40.27756],[-7.97097,40.27778],[-7.9704,40.27836],[-7.97016,40.27818],[-7.96994,40.27922],[-7.96912,40.28015],[-7.96845,40.28072],[-7.96776,40.28188],[-7.96756,40.28192],[-7.96733,40.28179],[-7.96713,40.28108],[-7.96632,40.27984],[-7.96391,40.27843],[-7.9624,40.27841],[-7.96237,40.27898],[-7.96221,40.27913],[-7.9605,40.27948],[-7.96011,40.27974],[-7.95967,40.2797],[-7.95962,40.28025],[-7.95898,40.28126],[-7.95847,40.28185],[-7.95769,40.28245],[-7.95767,40.28257],[-7.95814,40.28328],[-7.95921,40.28352],[-7.95914,40.28416],[-7.95945,40.28485],[-7.95941,40.28571],[-7.95953,40.28607],[-7.95927,40.28631],[-7.95915,40.28662],[-7.95883,40.28678],[-7.9585,40.28724],[-7.95821,40.28742],[-7.9581,40.2877],[-7.95787,40.28786],[-7.95812,40.2883],[-7.95804,40.28834],[-7.95697,40.28838],[-7.95639,40.28822],[-7.95596,40.28805],[-7.95541,40.28745],[-7.95434,40.28708],[-7.95374,40.28707],[-7.95344,40.28694],[-7.95324,40.28659],[-7.95275,40.28633],[-7.95249,40.28569],[-7.95187,40.28522],[-7.95009,40.28429],[-7.94905,40.28388],[-7.94819,40.28331],[-7.94672,40.28283],[-7.94605,40.2824],[-7.94574,40.28241],[-7.94454,40.28266],[-7.94386,40.2829],[-7.94312,40.28282],[-7.94271,40.28313],[-7.94285,40.28321],[-7.94279,40.28423],[-7.94198,40.28537],[-7.94273,40.28586],[-7.94224,40.28631],[-7.94154,40.28676],[-7.94068,40.28803],[-7.94035,40.28836],[-7.93948,40.289],[-7.93863,40.28986],[-7.93784,40.29038],[-7.93684,40.29133],[-7.93659,40.29143]],[[-7.94104,40.29237],[-7.94009,40.29199],[-7.93981,40.29199],[-7.93955,40.29215],[-7.93763,40.29198],[-7.93689,40.29148],[-7.9352,40.2912],[-7.93479,40.29133],[-7.93422,40.29134],[-7.93305,40.29114],[-7.93154,40.29109],[-7.93067,40.29136],[-7.93023,40.29162],[-7.92944,40.29163],[-7.92875,40.29185],[-7.928,40.29245],[-7.92728,40.29263],[-7.9263,40.29323],[-7.92541,40.29399],[-7.92498,40.29423],[-7.92453,40.29422],[-7.92422,40.29455],[-7.92404,40.29449],[-7.92393,40.29409],[-7.9237,40.29399],[-7.92309,40.29409],[-7.92267,40.29426],[-7.92209,40.29501],[-7.92093,40.2956],[-7.92066,40.2956],[-7.9201,40.29523],[-7.91973,40.29523],[-7.9194,40.29492],[-7.91837,40.29431],[-7.91791,40.29428],[-7.9173,40.2944],[-7.91667,40.29476],[-7.91563,40.29618],[-7.91519,40.29638],[-7.91476,40.29672],[-7.9146,40.29675],[-7.9141,40.29643],[-7.91236,40.29686],[-7.91085,40.29707],[-7.91038,40.29705],[-7.90977,40.29745],[-7.90947,40.29687],[-7.90919,40.29677],[-7.90872,40.29631],[-7.90839,40.29625],[-7.90816,40.29602],[-7.90755,40.29574],[-7.90712,40.29579],[-7.90681,40.29612],[-7.90661,40.29613],[-7.90648,40.29598],[-7.90604,40.29598],[-7.90554,40.2958],[-7.90493,40.2957],[-7.90484,40.29552],[-7.90483,40.29422],[-7.90454,40.29403],[-7.90422,40.29399],[-7.90382,40.29452],[-7.90357,40.29463],[-7.90244,40.29446],[-7.90168,40.29497],[-7.90157,40.29522],[-7.90158,40.29578],[-7.901,40.2961],[-7.90075,40.2966],[-7.90007,40.29715],[-7.89997,40.29759],[-7.89984,40.29771],[-7.89786,40.29795],[-7.89699,40.29816],[-7.89609,40.29868],[-7.89572,40.29901],[-7.89487,40.29926],[-7.89445,40.29962],[-7.89381,40.2998],[-7.89346,40.30001],[-7.89233,40.30041],[-7.89144,40.30087],[-7.89005,40.30121],[-7.88991,40.30134],[-7.88989,40.30161],[-7.88959,40.30191],[-7.88943,40.30232],[-7.88885,40.30308],[-7.88872,40.30359],[-7.88794,40.30486],[-7.88722,40.30505],[-7.88645,40.30552],[-7.88594,40.30601],[-7.8855,40.30623],[-7.88422,40.30657],[-7.88396,40.30651],[-7.88287,40.30675],[-7.88215,40.3068],[-7.88114,40.30632],[-7.88058,40.30629],[-7.88032,40.30636],[-7.88004,40.30629],[-7.87854,40.30548],[-7.87812,40.3059],[-7.87778,40.30592],[-7.87776,40.30609],[-7.87694,40.30651],[-7.87567,40.30674],[-7.87469,40.30721],[-7.87265,40.30779],[-7.87206,40.30779],[-7.87176,40.30765],[-7.87152,40.30733],[-7.8713,40.30736],[-7.8701,40.31002],[-7.86969,40.31061],[-7.86943,40.31082],[-7.8691,40.31145],[-7.86917,40.31185],[-7.86966,40.31236],[-7.8698,40.3127],[-7.86978,40.31328],[-7.86957,40.31354],[-7.86898,40.31379],[-7.86776,40.31402],[-7.86703,40.31468],[-7.86633,40.31483],[-7.866,40.315],[-7.86544,40.31564],[-7.86543,40.31621],[-7.86553,40.31635],[-7.86545,40.31645]],[[-7.86549,40.31654],[-7.86545,40.31645],[-7.86468,40.31663],[-7.86405,40.31698],[-7.86372,40.31705],[-7.86279,40.31702],[-7.86253,40.31669],[-7.86211,40.31664]],[[-7.86405,40.31698],[-7.86354,40.3165],[-7.86303,40.31643],[-7.86283,40.31622],[-7.86258,40.31522],[-7.8627,40.31492],[-7.86273,40.31431],[-7.86288,40.31407],[-7.86358,40.31364],[-7.8649,40.31321],[-7.8657,40.31276],[-7.86612,40.31234],[-7.86614,40.31219],[-7.86612,40.31198],[-7.86586,40.31179],[-7.86505,40.31184],[-7.86424,40.31201],[-7.86347,40.31221],[-7.86252,40.31258],[-7.8614,40.31286],[-7.85994,40.31446],[-7.85883,40.31521],[-7.85867,40.31557],[-7.85841,40.3158],[-7.85769,40.3157],[-7.85746,40.31545],[-7.85712,40.31535],[-7.85685,40.31569],[-7.8566,40.31574],[-7.85638,40.31565],[-7.8555,40.31608],[-7.8551,40.31665],[-7.85492,40.31677],[-7.85435,40.31687],[-7.85394,40.31787],[-7.85406,40.31802],[-7.85419,40.31803],[-7.85424,40.31833],[-7.85407,40.31839],[-7.8536,40.31893],[-7.85316,40.319],[-7.85322,40.31913],[-7.85304,40.31941],[-7.85308,40.31952],[-7.85239,40.32023],[-7.85211,40.32077],[-7.85191,40.32087],[-7.85162,40.3213],[-7.8516,40.32162],[-7.8514,40.32175],[-7.85145,40.32218],[-7.85183,40.32247],[-7.85196,40.32282],[-7.85223,40.32296],[-7.85236,40.32336],[-7.85258,40.32352],[-7.85308,40.32355]],[[-7.85313,40.32342],[-7.85267,40.3244],[-7.85225,40.3246],[-7.8485,40.32448],[-7.84819,40.32454]],[[-7.84997,40.32454],[-7.8499,40.32421],[-7.84974,40.32416],[-7.84839,40.32404],[-7.84684,40.32417],[-7.84588,40.32394],[-7.84573,40.32368],[-7.84533,40.32372],[-7.84483,40.32392],[-7.84435,40.32388],[-7.84417,40.32434],[-7.8437,40.32455],[-7.84351,40.32483],[-7.84327,40.32491],[-7.84281,40.3254],[-7.84235,40.32519],[-7.84168,40.32536],[-7.84157,40.32554],[-7.84166,40.32648],[-7.84148,40.3267],[-7.84145,40.327],[-7.84105,40.32708],[-7.84115,40.32725],[-7.84108,40.32774],[-7.84032,40.32817],[-7.8404,40.32852],[-7.84029,40.32867],[-7.84004,40.32879],[-7.83954,40.32883],[-7.83927,40.32923],[-7.8383,40.32908],[-7.83791,40.32923],[-7.83733,40.3291],[-7.83683,40.32918],[-7.83642,40.32913],[-7.83573,40.32926],[-7.83472,40.32858],[-7.83375,40.3284],[-7.83317,40.3286],[-7.83291,40.32928],[-7.83281,40.33107],[-7.83259,40.33137],[-7.83145,40.33229],[-7.83113,40.33319],[-7.83109,40.33371],[-7.83084,40.33396],[-7.83041,40.33415],[-7.83037,40.33455],[-7.83,40.33456],[-7.82736,40.33571],[-7.82676,40.33578],[-7.8261,40.33568],[-7.82584,40.33582],[-7.82548,40.33639],[-7.82484,40.33691],[-7.82473,40.33717],[-7.82451,40.33735],[-7.824,40.33754],[-7.82288,40.33772],[-7.8223,40.33797],[-7.82156,40.33812],[-7.82056,40.33848],[-7.82004,40.3389],[-7.81929,40.33933],[-7.81881,40.33982],[-7.81876,40.34011],[-7.81746,40.34123],[-7.81277,40.34358],[-7.81234,40.3441],[-7.81243,40.34474],[-7.81187,40.34585],[-7.81074,40.34677],[-7.80899,40.34728],[-7.80667,40.34832],[-7.8061,40.34879],[-7.80481,40.34799],[-7.80462,40.34826],[-7.80394,40.34871],[-7.8032,40.3489],[-7.80237,40.34875]]]}},{"type":"Feature","properties":{"id":"percurso-mata-da-margaraca","tipo":"outro","ficha":1,"codigo":""},"geometry":{"type":"LineString","coordinates":[[-7.91902,40.2164],[-7.91873,40.21637],[-7.91848,40.21623],[-7.91855,40.21638],[-7.91936,40.21677],[-7.91878,40.21742],[-7.91866,40.21774],[-7.91845,40.21766],[-7.91795,40.21772],[-7.9177,40.21795],[-7.91777,40.21816],[-7.91761,40.21822],[-7.91777,40.21816],[-7.91769,40.21794],[-7.91794,40.21772],[-7.91854,40.21766],[-7.91905,40.21824],[-7.92049,40.21899],[-7.92126,40.219],[-7.92198,40.21861],[-7.9221,40.21839],[-7.92137,40.21775],[-7.92043,40.21736],[-7.91991,40.217],[-7.91865,40.21643],[-7.91849,40.21625],[-7.91903,40.21643]]}},{"type":"Feature","properties":{"id":"pr3-agn-percurso-pedestre-do-acor","tipo":"PR","ficha":0,"codigo":"PR3 AGN"},"geometry":{"type":"LineString","coordinates":[[-7.82779,40.23056],[-7.82746,40.23032],[-7.82727,40.22974],[-7.82734,40.22961],[-7.82753,40.2296],[-7.82743,40.22946],[-7.82773,40.22955],[-7.82786,40.22951],[-7.82778,40.22917],[-7.82747,40.22901],[-7.82614,40.2288],[-7.82583,40.22824],[-7.82553,40.22811],[-7.82506,40.22771],[-7.82545,40.22738],[-7.82581,40.2274],[-7.82607,40.22726],[-7.82634,40.22699],[-7.82637,40.22645],[-7.82603,40.2252],[-7.82583,40.22528],[-7.82555,40.2257],[-7.82535,40.22581],[-7.8246,40.22597],[-7.82414,40.22533],[-7.82434,40.22482],[-7.82417,40.22469],[-7.82349,40.22511],[-7.82332,40.22545],[-7.8234,40.22596],[-7.82315,40.22614],[-7.82292,40.22669],[-7.8231,40.22705],[-7.82433,40.22794],[-7.82401,40.22806],[-7.82404,40.22823],[-7.82231,40.22842],[-7.82284,40.22885],[-7.82293,40.22905],[-7.82387,40.22953],[-7.82409,40.22946],[-7.82437,40.22964],[-7.82458,40.22954],[-7.82475,40.22969],[-7.82492,40.22956],[-7.82532,40.22953],[-7.82546,40.22937],[-7.82588,40.22938],[-7.82606,40.22923],[-7.82625,40.22932],[-7.82637,40.23037],[-7.82627,40.2307],[-7.82646,40.23091],[-7.82697,40.23109],[-7.82745,40.23141],[-7.82761,40.2321],[-7.82752,40.23257],[-7.82802,40.23342],[-7.82824,40.23291],[-7.8287,40.23227],[-7.82994,40.23222],[-7.83031,40.23187],[-7.83052,40.23188],[-7.83057,40.23199],[-7.83048,40.23287],[-7.82998,40.23345],[-7.83015,40.23364],[-7.83016,40.23387],[-7.82991,40.23409],[-7.83001,40.23433],[-7.8298,40.23454],[-7.82963,40.23495],[-7.82964,40.23541],[-7.82978,40.23565],[-7.82927,40.23601],[-7.82916,40.23667],[-7.82878,40.23664],[-7.82844,40.23691],[-7.82873,40.23731],[-7.82923,40.23754],[-7.82976,40.23808],[-7.82999,40.23818],[-7.83043,40.23794],[-7.83113,40.23791],[-7.83169,40.23805],[-7.831,40.23814],[-7.83083,40.2383],[-7.8308,40.23886],[-7.83103,40.2394],[-7.83099,40.24048],[-7.8309,40.24073],[-7.83016,40.24115],[-7.83054,40.24237],[-7.83091,40.24274],[-7.83097,40.24336],[-7.83075,40.24376],[-7.8309,40.24435],[-7.83044,40.24511],[-7.83079,40.24566],[-7.83146,40.2462],[-7.83147,40.24591],[-7.832,40.24496],[-7.8327,40.24288],[-7.8328,40.24286],[-7.83328,40.24356],[-7.83383,40.24376],[-7.83408,40.2434],[-7.83399,40.24295],[-7.83414,40.24242],[-7.83514,40.2418],[-7.8355,40.24138],[-7.83601,40.24119],[-7.83711,40.24013],[-7.83728,40.239],[-7.83693,40.23859],[-7.83714,40.23795],[-7.8375,40.2377],[-7.8381,40.23759],[-7.83829,40.2374],[-7.83833,40.23716],[-7.83775,40.23634],[-7.83792,40.23595],[-7.83726,40.23529],[-7.83674,40.23419],[-7.83636,40.23397],[-7.83622,40.2336],[-7.83578,40.23354],[-7.83541,40.23367],[-7.83536,40.2336],[-7.83533,40.23313],[-7.83566,40.23284],[-7.83512,40.23206],[-7.83499,40.23105],[-7.83459,40.23072],[-7.83441,40.23022],[-7.83398,40.23025],[-7.83357,40.23042],[-7.83277,40.23043],[-7.83153,40.23027],[-7.83112,40.23004],[-7.83099,40.23023],[-7.83111,40.23035],[-7.83033,40.23039],[-7.83033,40.23028],[-7.82965,40.23051],[-7.82942,40.23068],[-7.82954,40.23039],[-7.82857,40.2306],[-7.82879,40.2304],[-7.82855,40.23043],[-7.82862,40.23037],[-7.82846,40.23036],[-7.82819,40.23054],[-7.82779,40.23056]]}},{"type":"Feature","properties":{"id":"pr2-agn-trilho-dos-povos-das-ribeiras-de-piodam","tipo":"PR","ficha":0,"codigo":"PR2 AGN"},"geometry":{"type":"LineString","coordinates":[[-7.81276,40.24691],[-7.81244,40.24668],[-7.81253,40.24644],[-7.81198,40.2463],[-7.81183,40.24541],[-7.81134,40.24496],[-7.81117,40.24406],[-7.81107,40.24393],[-7.8105,40.24369],[-7.81043,40.24322],[-7.80986,40.24314],[-7.80915,40.24242],[-7.80879,40.24234],[-7.80878,40.24223],[-7.80832,40.24191],[-7.80821,40.24172],[-7.80727,40.24151],[-7.8067,40.24155],[-7.80646,40.24167],[-7.80607,40.24137],[-7.80585,40.24153],[-7.80498,40.24114],[-7.80475,40.24059],[-7.80502,40.23962],[-7.80493,40.23938],[-7.80471,40.23943],[-7.80433,40.23928],[-7.80381,40.23929],[-7.80306,40.23887],[-7.80275,40.23886],[-7.80215,40.23904],[-7.80183,40.23902],[-7.80168,40.23886],[-7.80099,40.23856],[-7.80077,40.23823],[-7.80047,40.23801],[-7.79954,40.23755],[-7.7994,40.23764],[-7.79935,40.23791],[-7.79918,40.238],[-7.79915,40.23819],[-7.79928,40.23842],[-7.79902,40.23866],[-7.79856,40.23872],[-7.79793,40.23847],[-7.7975,40.23802],[-7.79755,40.23794],[-7.79792,40.23804],[-7.79765,40.2377],[-7.79765,40.2374],[-7.79823,40.23643],[-7.79854,40.23615],[-7.79841,40.23603],[-7.7989,40.23584],[-7.79928,40.23599],[-7.79924,40.23615],[-7.80007,40.23641],[-7.80049,40.23646],[-7.8009,40.23639],[-7.80171,40.23736],[-7.80174,40.23761],[-7.80231,40.23788],[-7.80179,40.23805],[-7.80304,40.23817],[-7.80479,40.23914],[-7.8063,40.23846],[-7.80636,40.23887],[-7.80628,40.23909],[-7.80696,40.2394],[-7.8073,40.23966],[-7.80752,40.2397],[-7.8075,40.24038],[-7.80784,40.24049],[-7.80899,40.24057],[-7.80961,40.24088],[-7.81008,40.24095],[-7.81194,40.24046],[-7.81231,40.2408],[-7.81276,40.24101],[-7.81336,40.24098],[-7.81431,40.24055],[-7.81543,40.24039],[-7.81624,40.23989],[-7.8176,40.23928],[-7.81783,40.23871],[-7.81757,40.23803],[-7.81701,40.23753],[-7.81711,40.23691],[-7.81754,40.23651],[-7.81693,40.23555],[-7.81694,40.23536],[-7.81719,40.23539],[-7.81765,40.23521],[-7.81782,40.23505],[-7.81833,40.23529],[-7.81911,40.23521],[-7.81932,40.23476],[-7.81944,40.23471],[-7.82074,40.23561],[-7.821,40.23559],[-7.82145,40.23514],[-7.82221,40.23469],[-7.82267,40.23391],[-7.82362,40.23302],[-7.82405,40.23286],[-7.82435,40.23254],[-7.82466,40.23243],[-7.82464,40.23203],[-7.82412,40.23132],[-7.82398,40.23054],[-7.82406,40.23035],[-7.8247,40.22988],[-7.8255,40.22977],[-7.82526,40.23023],[-7.82496,40.2304],[-7.82523,40.23091],[-7.82676,40.23173],[-7.82671,40.23225],[-7.82644,40.2326],[-7.82668,40.23287],[-7.82665,40.23351],[-7.82647,40.23377],[-7.82593,40.23391],[-7.82628,40.23433],[-7.82573,40.23434],[-7.82523,40.2346],[-7.82514,40.23515],[-7.82467,40.23564],[-7.82462,40.23583],[-7.82479,40.23672],[-7.82511,40.23722],[-7.82406,40.23727],[-7.82429,40.23862],[-7.82391,40.23893],[-7.82352,40.23905],[-7.82315,40.23931],[-7.82348,40.23987],[-7.82405,40.24021],[-7.8249,40.24112],[-7.82491,40.2415],[-7.8234,40.24182],[-7.82211,40.24246],[-7.82206,40.24253],[-7.82221,40.24252],[-7.82075,40.24343],[-7.82027,40.24393],[-7.81985,40.24394],[-7.81859,40.24422],[-7.81684,40.24513],[-7.81638,40.24562],[-7.81524,40.24596],[-7.81524,40.24607],[-7.81541,40.24611],[-7.81494,40.24624],[-7.81471,40.2469],[-7.81437,40.24712],[-7.8138,40.2471],[-7.81312,40.24686],[-7.81276,40.24691]]}},{"type":"Feature","properties":{"id":"pr2-1-agn-trilho-dos-povos-das-ribeiras-de-piodam-variante","tipo":"PR","ficha":0,"codigo":"PR2.1 AGN"},"geometry":{"type":"LineString","coordinates":[[-7.82471,40.23226],[-7.82473,40.23244],[-7.82427,40.23277],[-7.8242,40.23299],[-7.82374,40.2332],[-7.82284,40.23537],[-7.82244,40.23557],[-7.82168,40.23685],[-7.82062,40.23714],[-7.82016,40.23706],[-7.8197,40.23667],[-7.81912,40.23681],[-7.8191,40.23707],[-7.8193,40.23765],[-7.81978,40.23865],[-7.81955,40.23967],[-7.81987,40.24035],[-7.81966,40.24049],[-7.81907,40.24062],[-7.81838,40.24099],[-7.8181,40.24145],[-7.81782,40.24159],[-7.81787,40.24174],[-7.81776,40.24191],[-7.81656,40.2422],[-7.81596,40.24312],[-7.81576,40.24313],[-7.81567,40.24354],[-7.81536,40.24378],[-7.81536,40.24398],[-7.81491,40.24459],[-7.81415,40.24463],[-7.81357,40.24522],[-7.81349,40.24553],[-7.81371,40.24629],[-7.81267,40.24648],[-7.81266,40.24662],[-7.8128,40.24659],[-7.81286,40.24667],[-7.81265,40.24689]]}},{"type":"Feature","properties":{"id":"pr2-cnt-rota-da-vinha","tipo":"PR","ficha":1,"codigo":"PR2 CNT"},"geometry":{"type":"LineString","coordinates":[[-8.53542,40.33748],[-8.53746,40.33684],[-8.53736,40.3376],[-8.53723,40.33778],[-8.53659,40.33798],[-8.53672,40.33819],[-8.53703,40.33822],[-8.53757,40.33875],[-8.53797,40.339],[-8.53866,40.33866],[-8.53982,40.33964],[-8.54073,40.34065],[-8.54172,40.34048],[-8.5429,40.34059],[-8.54347,40.34085],[-8.54411,40.34139],[-8.54484,40.34179],[-8.54522,40.34222],[-8.54531,40.3425],[-8.54509,40.34267],[-8.54412,40.34273],[-8.5439,40.34269],[-8.54284,40.34176],[-8.54237,40.34207],[-8.54187,40.34303],[-8.54192,40.34321],[-8.54245,40.34377],[-8.54268,40.34484],[-8.54311,40.34562],[-8.54362,40.34579],[-8.54466,40.34636],[-8.54573,40.34658],[-8.54618,40.34681],[-8.54805,40.34906],[-8.54987,40.35006],[-8.55083,40.35074],[-8.55159,40.35154],[-8.55164,40.35224],[-8.55192,40.3527],[-8.55249,40.35323],[-8.55287,40.35339],[-8.55175,40.35532],[-8.55159,40.35617],[-8.55165,40.35693],[-8.55177,40.35718],[-8.55229,40.35764],[-8.55165,40.3584],[-8.5513,40.3594],[-8.55142,40.35989],[-8.55137,40.36098],[-8.55255,40.36158],[-8.55459,40.36218],[-8.55478,40.3619],[-8.55509,40.36177],[-8.55524,40.36147],[-8.55517,40.36135],[-8.55589,40.36033],[-8.556,40.35983],[-8.55738,40.35915],[-8.55529,40.35792],[-8.55475,40.35776],[-8.55476,40.35766],[-8.55568,40.35752],[-8.5568,40.35711],[-8.55895,40.35652],[-8.55953,40.35613],[-8.56055,40.355],[-8.56033,40.35464],[-8.5592,40.35421],[-8.55732,40.3531],[-8.55617,40.35284],[-8.55574,40.35257],[-8.5562,40.35233],[-8.55661,40.35181],[-8.55743,40.35127],[-8.5584,40.35096],[-8.55944,40.35079],[-8.56055,40.35037],[-8.56162,40.34966],[-8.56272,40.34908],[-8.56433,40.34741],[-8.56459,40.34663],[-8.56427,40.34617],[-8.56462,40.34546],[-8.56465,40.34506],[-8.56546,40.34471],[-8.56606,40.34406],[-8.56704,40.34373],[-8.56734,40.34347],[-8.56719,40.34334],[-8.56619,40.3431],[-8.56527,40.34318],[-8.5639,40.34315],[-8.56317,40.3428],[-8.56185,40.34252],[-8.56143,40.34252],[-8.55902,40.34199],[-8.55746,40.34132],[-8.55543,40.34077],[-8.55504,40.34006],[-8.55457,40.33823],[-8.5539,40.33729],[-8.55358,40.337],[-8.5535,40.33659],[-8.5536,40.33637],[-8.5531,40.33584],[-8.55304,40.33555],[-8.55364,40.33454],[-8.55377,40.3339],[-8.55368,40.3326],[-8.55383,40.33205],[-8.55402,40.33179],[-8.55416,40.33093],[-8.55401,40.33023],[-8.55347,40.33023],[-8.5524,40.32972],[-8.5513,40.32958],[-8.54926,40.32893],[-8.54848,40.32899],[-8.54643,40.32891],[-8.5453,40.33006],[-8.54521,40.32984],[-8.54392,40.32879],[-8.54327,40.32812],[-8.54274,40.32666],[-8.54094,40.32725],[-8.5409,40.32819],[-8.54068,40.32856],[-8.54071,40.32887],[-8.5405,40.32909],[-8.54009,40.32927],[-8.53751,40.32985],[-8.5371,40.32955],[-8.53526,40.33009],[-8.53421,40.33051],[-8.53328,40.33102],[-8.53198,40.33214],[-8.53114,40.33383],[-8.53161,40.33446],[-8.53326,40.33574],[-8.53428,40.33639],[-8.5354,40.33747],[-8.53746,40.33684],[-8.53736,40.3376],[-8.53723,40.33778],[-8.53659,40.33798],[-8.53672,40.33819],[-8.53703,40.33822],[-8.53757,40.33875],[-8.53797,40.339],[-8.53866,40.33866],[-8.53982,40.33964],[-8.54073,40.34065],[-8.54172,40.34048],[-8.5429,40.34059],[-8.54347,40.34085],[-8.54411,40.34139],[-8.54484,40.34179],[-8.54522,40.34222],[-8.54531,40.3425],[-8.54509,40.34267],[-8.54412,40.34273],[-8.5439,40.34269],[-8.54284,40.34176],[-8.54237,40.34207],[-8.54187,40.34303],[-8.54192,40.34321],[-8.54245,40.34377],[-8.54268,40.34484],[-8.54311,40.34562],[-8.54362,40.34579],[-8.54466,40.34636],[-8.54573,40.34658],[-8.54618,40.34681],[-8.54805,40.34906],[-8.54987,40.35006],[-8.55083,40.35074],[-8.55159,40.35154],[-8.55164,40.35224],[-8.55192,40.3527],[-8.55249,40.35323],[-8.55287,40.35339],[-8.55175,40.35532],[-8.55159,40.35617],[-8.55165,40.35693],[-8.55177,40.35718],[-8.55229,40.35764],[-8.55165,40.3584],[-8.5513,40.3594],[-8.55142,40.35989],[-8.55137,40.36098],[-8.55255,40.36158],[-8.55459,40.36218],[-8.55478,40.3619],[-8.55509,40.36177],[-8.55524,40.36147],[-8.55517,40.36135],[-8.55589,40.36033],[-8.556,40.35983],[-8.55738,40.35915],[-8.55529,40.35792],[-8.55475,40.35776],[-8.55476,40.35766],[-8.55568,40.35752],[-8.5568,40.35711],[-8.55895,40.35652],[-8.55953,40.35613],[-8.56055,40.355],[-8.56033,40.35464],[-8.5592,40.35421],[-8.55732,40.3531],[-8.55617,40.35284],[-8.55574,40.35257],[-8.5562,40.35233],[-8.55661,40.35181],[-8.55743,40.35127],[-8.5584,40.35096],[-8.55944,40.35079],[-8.56055,40.35037],[-8.56162,40.34966],[-8.56272,40.34908],[-8.56433,40.34741],[-8.56459,40.34663],[-8.56427,40.34617],[-8.56462,40.34546],[-8.56465,40.34506],[-8.56546,40.34471],[-8.56606,40.34406],[-8.56704,40.34373],[-8.56734,40.34347],[-8.56719,40.34334],[-8.56619,40.3431],[-8.56527,40.34318],[-8.5639,40.34315],[-8.56317,40.3428],[-8.56185,40.34252],[-8.56143,40.34252],[-8.55902,40.34199],[-8.55746,40.34132],[-8.55543,40.34077],[-8.55504,40.34006],[-8.55457,40.33823],[-8.5539,40.33729],[-8.55358,40.337],[-8.5535,40.33659],[-8.5536,40.33637],[-8.5531,40.33584],[-8.55304,40.33555],[-8.55364,40.33454],[-8.55377,40.3339],[-8.55368,40.3326],[-8.55383,40.33205],[-8.55402,40.33179],[-8.55416,40.33093],[-8.55401,40.33023],[-8.55347,40.33023],[-8.5524,40.32972],[-8.5513,40.32958],[-8.54926,40.32893],[-8.54848,40.32899],[-8.54643,40.32891],[-8.5453,40.33006],[-8.54521,40.32984],[-8.54392,40.32879],[-8.54327,40.32812],[-8.54274,40.32666],[-8.54094,40.32725],[-8.5409,40.32819],[-8.54068,40.32856],[-8.54071,40.32887],[-8.5405,40.32909],[-8.54009,40.32927],[-8.53751,40.32985],[-8.5371,40.32955],[-8.53526,40.33009],[-8.53421,40.33051],[-8.53328,40.33102],[-8.53198,40.33214],[-8.53114,40.33383],[-8.53161,40.33446],[-8.53326,40.33574],[-8.53428,40.33639],[-8.5354,40.33747]]}},{"type":"Feature","properties":{"id":"pr4-cnt-rota-das-areias-douradas","tipo":"PR","ficha":0,"codigo":"PR4 CNT"},"geometry":{"type":"LineString","coordinates":[[-8.84092,40.32869],[-8.84282,40.32894],[-8.84265,40.3298],[-8.84357,40.32988],[-8.84302,40.33095],[-8.84239,40.33154],[-8.84208,40.3316],[-8.84185,40.33154],[-8.84112,40.33083],[-8.84034,40.33159],[-8.83978,40.33168],[-8.83959,40.33314],[-8.83987,40.33319],[-8.8399,40.33373],[-8.83975,40.33381],[-8.83926,40.33377],[-8.83965,40.33524],[-8.83933,40.33603],[-8.839,40.33628],[-8.83832,40.33654],[-8.83671,40.33663],[-8.83645,40.33658],[-8.83631,40.33604],[-8.83609,40.336],[-8.83599,40.33603],[-8.83583,40.33647],[-8.83539,40.33663],[-8.8353,40.3371],[-8.83477,40.33708],[-8.83436,40.33721],[-8.83368,40.33721],[-8.83279,40.33745],[-8.8322,40.33732],[-8.83105,40.33739],[-8.83067,40.33728],[-8.82674,40.33718],[-8.82553,40.33706],[-8.82541,40.33659],[-8.82517,40.3365],[-8.82907,40.32772],[-8.82943,40.3275],[-8.83199,40.32771],[-8.83763,40.32844],[-8.83803,40.32873],[-8.83897,40.32871],[-8.83959,40.3289],[-8.83983,40.32889],[-8.8398,40.32873],[-8.84015,40.32804],[-8.84004,40.32791],[-8.84023,40.32788],[-8.84036,40.32772],[-8.84074,40.32773],[-8.84078,40.32756],[-8.84111,40.32741],[-8.84169,40.32672],[-8.84186,40.32672],[-8.84215,40.32693],[-8.84229,40.32686],[-8.84272,40.32729],[-8.84267,40.32737],[-8.84284,40.32745],[-8.84298,40.32728],[-8.84344,40.32718],[-8.84423,40.32737],[-8.84381,40.32906],[-8.84093,40.32866]]}},{"type":"Feature","properties":{"id":"pr3-cnt-rota-do-calcario","tipo":"PR","ficha":1,"codigo":"PR3 CNT"},"geometry":{"type":"LineString","coordinates":[[-8.52253,40.27302],[-8.52371,40.27282],[-8.52297,40.27231],[-8.52332,40.27225],[-8.52312,40.27146],[-8.52369,40.27097],[-8.52384,40.27162],[-8.52531,40.27208],[-8.52564,40.27227],[-8.52603,40.27302],[-8.52547,40.27244],[-8.52523,40.27275],[-8.52488,40.27271],[-8.52508,40.27301],[-8.52508,40.27338],[-8.52521,40.27344],[-8.52567,40.27332],[-8.52604,40.27387],[-8.52627,40.27488],[-8.52626,40.27536],[-8.52649,40.27579],[-8.52668,40.27593],[-8.52703,40.27592],[-8.52732,40.27603],[-8.52784,40.27641],[-8.52943,40.2769],[-8.53022,40.27698],[-8.53096,40.27725],[-8.53114,40.27734],[-8.53139,40.27771],[-8.5325,40.27825],[-8.53356,40.2791],[-8.53387,40.27924],[-8.53409,40.28004],[-8.53458,40.2811],[-8.5351,40.28143],[-8.53573,40.28213],[-8.53589,40.28213],[-8.53642,40.28252],[-8.53687,40.28316],[-8.53768,40.28396],[-8.53816,40.28405],[-8.53903,40.28465],[-8.54076,40.28488],[-8.54132,40.28525],[-8.54157,40.28517],[-8.54188,40.28521],[-8.54196,40.28577],[-8.54135,40.28609],[-8.54163,40.28682],[-8.54236,40.28731],[-8.54363,40.28907],[-8.54385,40.28952],[-8.5437,40.28991],[-8.5442,40.29028],[-8.54434,40.2906],[-8.54425,40.29105],[-8.54433,40.29118],[-8.54503,40.29165],[-8.54595,40.29185],[-8.54616,40.2923],[-8.54645,40.29248],[-8.54685,40.29311],[-8.54664,40.29396],[-8.54627,40.29423],[-8.54602,40.29465],[-8.54643,40.2951],[-8.5462,40.29535],[-8.54564,40.29555],[-8.54569,40.29586],[-8.54552,40.29606],[-8.54548,40.29647],[-8.54415,40.29652],[-8.54387,40.29638],[-8.54349,40.29586],[-8.54304,40.29463],[-8.54298,40.29428],[-8.54329,40.29328],[-8.54322,40.2931],[-8.54284,40.29307],[-8.54208,40.29229],[-8.54142,40.29243],[-8.54069,40.29242],[-8.54015,40.29233],[-8.53886,40.29233],[-8.53811,40.29216],[-8.53706,40.29209],[-8.53672,40.29216],[-8.53628,40.29244],[-8.53535,40.2915],[-8.53528,40.29126],[-8.53348,40.28966],[-8.53322,40.28958],[-8.53233,40.28975],[-8.53202,40.2897],[-8.53152,40.28905],[-8.53057,40.28822],[-8.52957,40.28785],[-8.52923,40.2879],[-8.52933,40.28733],[-8.52916,40.28631],[-8.52881,40.28551],[-8.52869,40.2847],[-8.52875,40.28443],[-8.52905,40.28432],[-8.53034,40.28461],[-8.53062,40.28456],[-8.53082,40.28441],[-8.5327,40.28431],[-8.53298,40.28314],[-8.53393,40.2825],[-8.53269,40.2808],[-8.53067,40.27905],[-8.52993,40.27768],[-8.52904,40.27717],[-8.52731,40.27669],[-8.52592,40.27598],[-8.52535,40.27517],[-8.52454,40.27447],[-8.52515,40.27426],[-8.52513,40.27364],[-8.52428,40.27348],[-8.5238,40.27353],[-8.52384,40.27365],[-8.52303,40.27387],[-8.52267,40.27376],[-8.52227,40.2732],[-8.52142,40.27237],[-8.52207,40.27209],[-8.5223,40.2729],[-8.5225,40.273]]}},{"type":"Feature","properties":{"id":"pr2-cbr-mata-nacional-de-vale-de-canas-praia-fluvial-de-palheiros-zorro","tipo":"PR","ficha":1,"codigo":"PR2 CBR"},"geometry":{"type":"MultiLineString","coordinates":[[[-8.3651,40.20213],[-8.36576,40.20158],[-8.36728,40.20236],[-8.36707,40.20288],[-8.36727,40.20289],[-8.36722,40.20301],[-8.36798,40.20273],[-8.36844,40.20203],[-8.36902,40.20193],[-8.36899,40.20209],[-8.36862,40.20237],[-8.36899,40.20287],[-8.36894,40.20329],[-8.36863,40.204],[-8.36871,40.20438],[-8.36898,40.2048],[-8.36894,40.20514],[-8.36935,40.20621],[-8.3691,40.20697],[-8.3691,40.20738],[-8.3688,40.20767],[-8.36888,40.20892],[-8.36991,40.20984],[-8.37049,40.21015],[-8.3706,40.21004],[-8.37053,40.20981],[-8.37066,40.20985],[-8.37167,40.21075],[-8.37244,40.21076],[-8.37295,40.21091],[-8.37334,40.2113],[-8.37345,40.2112],[-8.3733,40.21078],[-8.37357,40.21027]],[[-8.37306,40.21097],[-8.37338,40.2104],[-8.37383,40.21007],[-8.37362,40.20991],[-8.37287,40.21022],[-8.37289,40.21009],[-8.37331,40.20985],[-8.37414,40.20963],[-8.37488,40.2097],[-8.37489,40.20988],[-8.37458,40.21026],[-8.37459,40.21057],[-8.37444,40.21075],[-8.37452,40.21079],[-8.37476,40.21061],[-8.37493,40.21027],[-8.37577,40.20986],[-8.37561,40.2095],[-8.3757,40.209],[-8.37531,40.20897],[-8.37571,40.20882],[-8.37592,40.20863],[-8.37638,40.20867],[-8.37655,40.20883],[-8.37635,40.20936],[-8.3767,40.20983],[-8.37648,40.21011],[-8.37655,40.21025],[-8.37684,40.21037],[-8.37704,40.20994],[-8.37698,40.20979],[-8.37718,40.20973],[-8.37721,40.20934],[-8.37734,40.20923],[-8.37782,40.20985],[-8.37828,40.21014]]]}},{"type":"Feature","properties":{"id":"gr26-grande-rota-terras-de-sico","tipo":"GR","ficha":0,"codigo":"GR26"},"geometry":{"type":"MultiLineString","coordinates":[[[-8.5517,39.96838],[-8.55141,39.96851],[-8.55121,39.96849],[-8.55109,39.96866],[-8.5501,39.96862],[-8.55034,39.96881],[-8.54964,39.96884],[-8.54806,39.96863],[-8.54768,39.96843],[-8.54723,39.96855],[-8.54685,39.96834],[-8.54666,39.96839],[-8.54596,39.96777],[-8.54562,39.96816],[-8.54485,39.96809],[-8.54448,39.96922],[-8.54451,39.96967],[-8.54437,39.96985],[-8.54419,39.96967],[-8.54374,39.97015],[-8.54352,39.97115],[-8.54309,39.9713],[-8.54235,39.971],[-8.54099,39.97176],[-8.54099,39.97199],[-8.54136,39.97272],[-8.54182,39.97317],[-8.54132,39.97372],[-8.54145,39.97445],[-8.54116,39.97485],[-8.54138,39.97532],[-8.54119,39.97622],[-8.54161,39.97615],[-8.54181,39.97621],[-8.54372,39.97768],[-8.54449,39.97798],[-8.54501,39.97804],[-8.54625,39.97859]],[[-8.54985,39.99885],[-8.5497,39.99905],[-8.54938,39.99918],[-8.54875,39.99902],[-8.54851,39.99911],[-8.54824,39.99931],[-8.5472,40.00052],[-8.54679,40.00061],[-8.54657,40.00052],[-8.54539,40.00085],[-8.54328,40.00188],[-8.54241,40.00201],[-8.54158,40.00253],[-8.5409,40.00274],[-8.53971,40.00258],[-8.53926,40.0022],[-8.53909,40.00211],[-8.53898,40.00216],[-8.53862,40.00259],[-8.53811,40.00287],[-8.53779,40.00325],[-8.5376,40.00351],[-8.53732,40.00435],[-8.53662,40.00473],[-8.53629,40.00529],[-8.53559,40.00596],[-8.53447,40.00602],[-8.53405,40.00629],[-8.53377,40.00632],[-8.53199,40.00608],[-8.53168,40.00615],[-8.53141,40.00601],[-8.53082,40.00623],[-8.53068,40.00648],[-8.53057,40.00651],[-8.52842,40.0056],[-8.52826,40.005],[-8.52798,40.00478],[-8.52716,40.00471],[-8.52694,40.00457],[-8.52674,40.00464],[-8.52628,40.00448],[-8.52577,40.00493],[-8.52513,40.00579],[-8.52428,40.00584],[-8.52312,40.00542],[-8.52252,40.00564],[-8.52213,40.00567],[-8.52179,40.00706]],[[-8.52183,40.00707],[-8.52106,40.00936],[-8.52087,40.00963],[-8.52047,40.00992],[-8.52015,40.01002],[-8.52001,40.01019],[-8.51999,40.01047],[-8.51947,40.01153],[-8.51944,40.01221],[-8.51917,40.01243],[-8.51907,40.01275],[-8.51862,40.01311],[-8.5178,40.01354],[-8.51737,40.01402],[-8.51707,40.01418],[-8.5165,40.01424],[-8.51624,40.01464],[-8.51579,40.01429],[-8.51558,40.01429],[-8.51483,40.01481],[-8.51422,40.015],[-8.51381,40.01461],[-8.51269,40.01558],[-8.51204,40.01579],[-8.51171,40.01608],[-8.51038,40.01668],[-8.50908,40.01714],[-8.50769,40.01718],[-8.50701,40.01746],[-8.50568,40.01746],[-8.50506,40.01821],[-8.5044,40.01828],[-8.5042,40.01877],[-8.50365,40.01901],[-8.50321,40.01959],[-8.5028,40.01964],[-8.50226,40.01942],[-8.50203,40.01942],[-8.50151,40.01982],[-8.50143,40.02005],[-8.50084,40.02039],[-8.49971,40.02054],[-8.49939,40.02037],[-8.4991,40.02046],[-8.49843,40.02048],[-8.49756,40.02011],[-8.49712,40.02074],[-8.49707,40.02103],[-8.49615,40.02148],[-8.49453,40.0218],[-8.49441,40.02192],[-8.49446,40.02246],[-8.49431,40.02264],[-8.49433,40.02282],[-8.4929,40.02338],[-8.49259,40.0237],[-8.49192,40.02521],[-8.49182,40.02581],[-8.49164,40.02613],[-8.49166,40.02664],[-8.49271,40.02761],[-8.4937,40.02872],[-8.49475,40.02915],[-8.49569,40.02938],[-8.49476,40.03006],[-8.49513,40.03143],[-8.49499,40.03214],[-8.49503,40.0332],[-8.49561,40.03408],[-8.49562,40.03431],[-8.4955,40.03505],[-8.49479,40.03613],[-8.4946,40.03689],[-8.49464,40.03707],[-8.49505,40.03738],[-8.49455,40.03882],[-8.4944,40.03895],[-8.49479,40.03936],[-8.49488,40.03968],[-8.4948,40.03999],[-8.49501,40.04042],[-8.49428,40.0418],[-8.49417,40.0425],[-8.49384,40.04282],[-8.49332,40.04289],[-8.49332,40.04302],[-8.49396,40.04366],[-8.49434,40.04422],[-8.49515,40.0448],[-8.49595,40.04569],[-8.49607,40.04658],[-8.49631,40.0471],[-8.4968,40.04729],[-8.49757,40.048],[-8.49853,40.04838],[-8.49884,40.04865],[-8.49882,40.04881],[-8.49823,40.04915],[-8.49807,40.04935],[-8.49787,40.051],[-8.49884,40.05286],[-8.4989,40.0532],[-8.4988,40.05364],[-8.49911,40.05398],[-8.49946,40.05399],[-8.49967,40.05412],[-8.50021,40.05469],[-8.50021,40.05484],[-8.49974,40.05493],[-8.49949,40.05527],[-8.49911,40.05543],[-8.49852,40.0553],[-8.49772,40.05496],[-8.49619,40.0546],[-8.49579,40.05455],[-8.49427,40.05468],[-8.49397,40.05463],[-8.49341,40.05421],[-8.49334,40.05398],[-8.49246,40.05348],[-8.49199,40.05287],[-8.49192,40.05251],[-8.49064,40.05174],[-8.49027,40.05101],[-8.48988,40.05081],[-8.48931,40.05087],[-8.48823,40.05145],[-8.48754,40.05164],[-8.48726,40.05164],[-8.48695,40.05154],[-8.48626,40.05091],[-8.48564,40.05099],[-8.48559,40.05124],[-8.48515,40.0514],[-8.48469,40.05101],[-8.48349,40.05061],[-8.48257,40.05047],[-8.48196,40.05054],[-8.48169,40.05061],[-8.48152,40.05078],[-8.48141,40.05147],[-8.4813,40.05153],[-8.48084,40.05138],[-8.4807,40.05144],[-8.4801,40.05132],[-8.47945,40.05188],[-8.47884,40.05199],[-8.47875,40.0529],[-8.47822,40.05365],[-8.47781,40.05398],[-8.47749,40.05442],[-8.47728,40.0551],[-8.47739,40.0552],[-8.47777,40.05669],[-8.4776,40.05786],[-8.47632,40.05792],[-8.47556,40.05781],[-8.47486,40.05786],[-8.47439,40.05757],[-8.47411,40.05775],[-8.47377,40.05779],[-8.47329,40.05814],[-8.47265,40.05761],[-8.47221,40.05738],[-8.47177,40.05731],[-8.47147,40.05732],[-8.47075,40.05755],[-8.46964,40.05769],[-8.46872,40.0581],[-8.46711,40.05783],[-8.46633,40.05788],[-8.46598,40.05805],[-8.46576,40.05788],[-8.46543,40.05826],[-8.46324,40.05971],[-8.46293,40.06023],[-8.46276,40.06079],[-8.46246,40.06119],[-8.46263,40.06206],[-8.46248,40.06238],[-8.46243,40.06348],[-8.46258,40.06376],[-8.46298,40.0638],[-8.46316,40.06396],[-8.463,40.06451],[-8.46328,40.06587],[-8.46348,40.06608],[-8.46361,40.06647],[-8.46437,40.06697],[-8.46417,40.06762],[-8.4642,40.06791],[-8.46339,40.0679],[-8.46321,40.06808],[-8.46314,40.0684],[-8.46365,40.06922],[-8.46345,40.06959],[-8.46546,40.07059],[-8.46734,40.07176],[-8.46775,40.07171],[-8.46881,40.07133],[-8.46982,40.07121],[-8.47067,40.0716],[-8.47169,40.07166],[-8.47212,40.07179],[-8.4727,40.07226],[-8.47319,40.07235],[-8.47337,40.0727],[-8.47431,40.07374],[-8.47442,40.07432],[-8.47516,40.07554],[-8.47524,40.07596],[-8.47558,40.07621],[-8.47544,40.07667],[-8.47555,40.07715],[-8.47616,40.07757],[-8.47643,40.07767],[-8.47663,40.07761],[-8.47706,40.0782],[-8.47719,40.07863],[-8.47765,40.07868],[-8.4779,40.07836],[-8.47817,40.07842],[-8.47842,40.07861],[-8.4791,40.07959],[-8.4794,40.08037],[-8.47982,40.08085],[-8.48103,40.08149],[-8.48175,40.08173],[-8.48265,40.08231],[-8.48352,40.08268],[-8.48444,40.08334],[-8.4845,40.08357],[-8.48438,40.08373],[-8.48336,40.08454],[-8.48338,40.08535],[-8.48352,40.08578],[-8.48512,40.08673],[-8.48588,40.08736],[-8.48615,40.08769],[-8.4873,40.08979],[-8.48742,40.09038],[-8.48776,40.09104],[-8.4887,40.0914],[-8.48971,40.09216],[-8.48995,40.09279],[-8.49079,40.09337],[-8.49112,40.0938],[-8.49105,40.09415],[-8.49124,40.09487],[-8.49185,40.09526],[-8.49205,40.09569],[-8.49252,40.09594],[-8.49301,40.09602],[-8.49246,40.09764],[-8.49203,40.09781],[-8.49151,40.09771],[-8.49135,40.0979],[-8.49139,40.098],[-8.49244,40.09854],[-8.49189,40.09855],[-8.49198,40.0993],[-8.49256,40.09981],[-8.49334,40.09968],[-8.49357,40.09979],[-8.49376,40.10003],[-8.49356,40.10039],[-8.49406,40.10069],[-8.49439,40.10104],[-8.49487,40.10122],[-8.49501,40.10147],[-8.49497,40.10166],[-8.49538,40.10204],[-8.49527,40.1023],[-8.49602,40.10294],[-8.49619,40.10345],[-8.49613,40.10388],[-8.49627,40.10426],[-8.49583,40.10476],[-8.49584,40.10501],[-8.49603,40.1051],[-8.49581,40.10541],[-8.49773,40.10602],[-8.49798,40.10658],[-8.49817,40.10749],[-8.49878,40.10777],[-8.49927,40.10844],[-8.49838,40.1095],[-8.49837,40.11044],[-8.4989,40.11139],[-8.49882,40.11206]],[[-8.49855,40.1135],[-8.49836,40.11352],[-8.49701,40.11262],[-8.49648,40.11186],[-8.49508,40.11221],[-8.49515,40.11274],[-8.4947,40.11259],[-8.49427,40.11268],[-8.49245,40.11259],[-8.49203,40.1127],[-8.49184,40.11221],[-8.4913,40.1122]],[[-8.49124,40.1122],[-8.49101,40.11241],[-8.49035,40.1117],[-8.48883,40.1125],[-8.48871,40.11276],[-8.48533,40.11191],[-8.48516,40.11211],[-8.4844,40.11236],[-8.48368,40.11225],[-8.4819,40.1126],[-8.48099,40.11267],[-8.47946,40.11261],[-8.4787,40.11271],[-8.47763,40.11304],[-8.47678,40.11302],[-8.47598,40.11345],[-8.47445,40.11321],[-8.47395,40.11299],[-8.47306,40.11296],[-8.47297,40.11282],[-8.47281,40.11296],[-8.4723,40.11396],[-8.47116,40.11471],[-8.47133,40.11408],[-8.47106,40.11394],[-8.47101,40.11327],[-8.47082,40.11309],[-8.47058,40.11305],[-8.46978,40.11217],[-8.46943,40.11194],[-8.46872,40.11105],[-8.46873,40.11037],[-8.469,40.10997],[-8.46956,40.10961],[-8.46978,40.10923],[-8.46766,40.10894],[-8.46702,40.10877],[-8.46624,40.10813],[-8.46582,40.1076],[-8.46478,40.10689],[-8.46489,40.10661],[-8.46521,40.10638],[-8.46553,40.10594],[-8.46553,40.10539],[-8.464,40.10384],[-8.46338,40.10337],[-8.46295,40.10257],[-8.46274,40.1024],[-8.46068,40.10097],[-8.45952,40.10076],[-8.45916,40.10059],[-8.45899,40.10026],[-8.45862,40.10008],[-8.45747,40.09977],[-8.45644,40.09953],[-8.45332,40.09926],[-8.45154,40.09982],[-8.45114,40.09953],[-8.45071,40.09857],[-8.4506,40.09798],[-8.45076,40.09763],[-8.45165,40.09718],[-8.45106,40.09667],[-8.45061,40.09558],[-8.4503,40.09455],[-8.45062,40.09416],[-8.45011,40.09356],[-8.45016,40.09311],[-8.44917,40.09325],[-8.44889,40.09255],[-8.44845,40.09208],[-8.44795,40.09192],[-8.44721,40.09072],[-8.44622,40.09052],[-8.44572,40.09022],[-8.44534,40.09013],[-8.44476,40.09005],[-8.44424,40.09012],[-8.44408,40.08963],[-8.44351,40.08939],[-8.44289,40.08944],[-8.44259,40.08907],[-8.44279,40.08876],[-8.44251,40.08831],[-8.44268,40.08815],[-8.44304,40.08813],[-8.44388,40.08785],[-8.44409,40.08786],[-8.44408,40.08777],[-8.4438,40.08747],[-8.4428,40.08681],[-8.44192,40.0858],[-8.44143,40.08498],[-8.44113,40.08419],[-8.441,40.08409],[-8.4409,40.08361],[-8.44025,40.08269],[-8.44025,40.08248],[-8.43992,40.08195],[-8.44008,40.08166],[-8.44,40.08125],[-8.44012,40.08111],[-8.43985,40.08058],[-8.43947,40.08052],[-8.43896,40.07966],[-8.43898,40.07932],[-8.43917,40.07895],[-8.43816,40.07921],[-8.43769,40.07886],[-8.43723,40.07892],[-8.43663,40.07877],[-8.43632,40.07879],[-8.43579,40.07854],[-8.43527,40.07849],[-8.43356,40.07898],[-8.43282,40.07878],[-8.43181,40.07883],[-8.43084,40.07924],[-8.43059,40.07946],[-8.43026,40.08],[-8.42979,40.08015],[-8.42929,40.08019],[-8.42897,40.08046],[-8.42892,40.0807],[-8.42828,40.07994],[-8.42779,40.07968],[-8.42711,40.07961],[-8.42675,40.07978],[-8.42633,40.07979],[-8.42575,40.08002],[-8.42515,40.07991],[-8.42405,40.07865],[-8.42326,40.07752],[-8.42189,40.07696],[-8.42077,40.0757],[-8.42057,40.07574],[-8.4199,40.07561],[-8.41987,40.07586],[-8.41944,40.07618],[-8.41867,40.07653],[-8.41845,40.07655],[-8.41832,40.07645],[-8.41844,40.07608],[-8.41814,40.07584],[-8.41786,40.07541],[-8.41734,40.07534],[-8.41625,40.07489],[-8.41581,40.07441],[-8.41543,40.07426],[-8.41482,40.07383],[-8.41436,40.07366],[-8.41413,40.07325],[-8.41416,40.07236],[-8.41378,40.07178],[-8.41301,40.07182],[-8.41226,40.07215],[-8.41158,40.07228],[-8.41075,40.07216],[-8.40997,40.07159],[-8.40914,40.07143],[-8.40863,40.07157],[-8.4077,40.07166],[-8.40712,40.07195],[-8.4044,40.07169],[-8.40413,40.07178],[-8.40339,40.07155],[-8.40294,40.07128],[-8.40281,40.07105],[-8.40314,40.07083],[-8.40347,40.06947],[-8.40382,40.06896],[-8.40378,40.06873],[-8.40234,40.06747],[-8.40141,40.06707],[-8.40082,40.06636],[-8.40078,40.06612],[-8.40054,40.06601],[-8.39981,40.06595],[-8.39979,40.06565],[-8.39954,40.06575],[-8.39913,40.06617],[-8.39885,40.06666],[-8.39876,40.06563],[-8.39864,40.06508],[-8.39851,40.06498],[-8.39783,40.06508],[-8.39789,40.06723],[-8.39814,40.06814],[-8.39809,40.0685],[-8.39781,40.06897],[-8.3974,40.06916],[-8.39702,40.06986],[-8.39662,40.07006],[-8.39668,40.07057],[-8.39654,40.07064],[-8.39625,40.07065],[-8.39517,40.07023],[-8.39463,40.0697],[-8.39379,40.06942],[-8.39393,40.06915],[-8.39369,40.06868],[-8.39303,40.06792],[-8.39258,40.06785],[-8.39207,40.06756],[-8.39114,40.06747],[-8.39087,40.0676],[-8.39043,40.06575],[-8.39056,40.06523],[-8.39058,40.06415],[-8.391,40.06338],[-8.39149,40.06205],[-8.39182,40.06192],[-8.39186,40.06147],[-8.39171,40.06091],[-8.39203,40.06101],[-8.39346,40.0603],[-8.39359,40.06012],[-8.39364,40.05997],[-8.39328,40.05958],[-8.39333,40.05906],[-8.39275,40.05879],[-8.39273,40.05869],[-8.39313,40.05832],[-8.39317,40.05815],[-8.39261,40.05778],[-8.39186,40.05789],[-8.39183,40.05776],[-8.392,40.05758],[-8.39187,40.05732],[-8.3914,40.05698],[-8.39114,40.05624],[-8.38925,40.05527],[-8.38876,40.05517],[-8.38813,40.05468],[-8.38805,40.0542],[-8.38762,40.05393],[-8.38737,40.05297],[-8.38717,40.05295],[-8.38705,40.05304],[-8.38684,40.05367],[-8.38657,40.05364],[-8.3865,40.05328],[-8.38671,40.05285],[-8.38658,40.05244],[-8.38676,40.05206],[-8.38671,40.05197],[-8.38646,40.05185],[-8.38638,40.05156],[-8.38609,40.05127],[-8.38535,40.05098],[-8.38505,40.05098],[-8.38451,40.0508],[-8.38443,40.05071],[-8.38474,40.05063],[-8.38514,40.05016],[-8.38563,40.05024],[-8.38611,40.0506],[-8.38669,40.05052],[-8.38681,40.05045],[-8.38698,40.0495],[-8.38687,40.04911],[-8.38696,40.04889],[-8.38761,40.04861],[-8.38824,40.04866],[-8.38869,40.04843],[-8.38915,40.04848],[-8.38924,40.04803],[-8.38886,40.04769],[-8.38864,40.04688],[-8.38903,40.04643],[-8.38911,40.04551],[-8.38936,40.04499],[-8.38896,40.04434],[-8.3885,40.04404],[-8.38826,40.04354],[-8.38827,40.04293],[-8.38842,40.04249],[-8.38835,40.04214],[-8.38879,40.04198],[-8.38907,40.04165],[-8.38955,40.04218],[-8.38965,40.04282],[-8.3901,40.04267],[-8.39087,40.04289],[-8.39081,40.0416],[-8.39153,40.04098],[-8.39045,40.04056],[-8.39019,40.0403],[-8.38976,40.04009],[-8.38953,40.03901],[-8.39007,40.03836],[-8.39014,40.03783],[-8.38968,40.03725],[-8.38966,40.03687],[-8.38947,40.03684],[-8.38916,40.03696],[-8.38832,40.03684],[-8.38785,40.03693],[-8.38771,40.03682],[-8.38783,40.03653],[-8.38901,40.03543],[-8.38973,40.03504],[-8.39008,40.0343],[-8.39061,40.03393],[-8.39055,40.03385],[-8.39004,40.03384],[-8.38926,40.0334],[-8.38879,40.03297],[-8.38843,40.03238],[-8.3876,40.03193],[-8.38813,40.03119],[-8.388,40.03083],[-8.38806,40.03056],[-8.38792,40.02985],[-8.38777,40.02952],[-8.38791,40.02932],[-8.38796,40.02894],[-8.38891,40.02828],[-8.38907,40.02784],[-8.38945,40.02775],[-8.3897,40.02789],[-8.39041,40.02801],[-8.39046,40.02908],[-8.39026,40.02907],[-8.3899,40.02922],[-8.39023,40.02962],[-8.39049,40.03073],[-8.39064,40.0307],[-8.39123,40.03121],[-8.39203,40.03122],[-8.39227,40.03136],[-8.39289,40.03124],[-8.39346,40.03129],[-8.39397,40.03173],[-8.39442,40.03185],[-8.39594,40.03161],[-8.39693,40.03154],[-8.39736,40.0319],[-8.39763,40.03235],[-8.39934,40.03375],[-8.39955,40.03425],[-8.40071,40.03424],[-8.40097,40.03412],[-8.4013,40.0338],[-8.40224,40.03357],[-8.40251,40.0334],[-8.40331,40.03317],[-8.40387,40.03282],[-8.40352,40.0326],[-8.40349,40.03246],[-8.4039,40.03228],[-8.40405,40.03211],[-8.40403,40.03199],[-8.40444,40.03164],[-8.40594,40.0313],[-8.40892,40.03129],[-8.4094,40.03066],[-8.40971,40.03101],[-8.40982,40.03102],[-8.41014,40.03026],[-8.41043,40.03051],[-8.41153,40.03047],[-8.4133,40.03078],[-8.41351,40.0309],[-8.41381,40.03221],[-8.41421,40.03285],[-8.41496,40.03314],[-8.41533,40.03335],[-8.41535,40.03347],[-8.4159,40.0339],[-8.41745,40.03468],[-8.41719,40.03565],[-8.41752,40.03649],[-8.41726,40.03771],[-8.41762,40.03848],[-8.41768,40.03948],[-8.41787,40.03974],[-8.41846,40.0398],[-8.41864,40.04013],[-8.41921,40.0402],[-8.41967,40.04155],[-8.41834,40.0418],[-8.41817,40.04191],[-8.41843,40.04248],[-8.41874,40.04277],[-8.41901,40.04269],[-8.41912,40.04229],[-8.41953,40.04222],[-8.4199,40.04231],[-8.42046,40.04227],[-8.42077,40.04194],[-8.4213,40.042],[-8.42188,40.04193],[-8.42456,40.04143],[-8.42572,40.0409],[-8.42603,40.04084],[-8.42733,40.04089],[-8.42813,40.04071],[-8.42904,40.04085],[-8.42992,40.0417],[-8.43068,40.04308],[-8.43185,40.04361],[-8.43209,40.04398],[-8.43247,40.0442],[-8.43331,40.04511],[-8.43348,40.04553],[-8.43421,40.04594],[-8.43443,40.04628],[-8.4348,40.04652],[-8.43547,40.04755],[-8.43614,40.0479],[-8.43686,40.04851],[-8.43735,40.04999],[-8.43778,40.05069],[-8.43857,40.05155],[-8.43935,40.05207],[-8.43986,40.05279],[-8.4406,40.05308],[-8.44179,40.05376],[-8.44232,40.05393],[-8.44263,40.05426],[-8.44328,40.05467],[-8.44403,40.05502],[-8.44517,40.05573],[-8.44549,40.05566],[-8.44547,40.05545],[-8.4462,40.05537],[-8.44625,40.05477],[-8.44601,40.0547],[-8.4461,40.05422],[-8.44589,40.05348],[-8.44589,40.05265],[-8.44651,40.05244],[-8.44714,40.05153],[-8.44787,40.05089],[-8.44825,40.0502],[-8.44852,40.04893],[-8.44897,40.04859],[-8.44989,40.04666],[-8.45129,40.04555],[-8.45201,40.04422],[-8.45273,40.04326],[-8.45352,40.04182],[-8.45386,40.04145],[-8.45406,40.04087],[-8.4541,40.04031],[-8.45426,40.04002],[-8.45446,40.03737],[-8.45591,40.03571],[-8.45633,40.03547],[-8.45645,40.03519],[-8.45581,40.03449],[-8.4557,40.03343],[-8.45515,40.03271],[-8.45498,40.0318],[-8.45476,40.03155],[-8.45489,40.03095],[-8.45494,40.0291],[-8.45271,40.02907],[-8.45117,40.02824],[-8.4506,40.02769],[-8.45039,40.02702],[-8.45017,40.02675],[-8.44934,40.02582],[-8.44875,40.02532],[-8.44694,40.02599],[-8.44463,40.02596],[-8.44452,40.01983],[-8.44341,40.01687],[-8.44355,40.01659],[-8.44307,40.01538],[-8.44309,40.01456],[-8.44253,40.01404],[-8.4425,40.01352],[-8.44229,40.01293],[-8.44108,40.01191],[-8.44048,40.01165],[-8.43888,40.01073],[-8.43762,40.0095],[-8.43743,40.009],[-8.43739,40.00808],[-8.43729,40.00798],[-8.43664,40.00791],[-8.43645,40.0078],[-8.43649,40.00696],[-8.43636,40.00634],[-8.43571,40.00493],[-8.43528,40.00458],[-8.43467,40.00424],[-8.43372,40.00388],[-8.43351,40.00367],[-8.43333,40.00324],[-8.43281,40.00295],[-8.4324,40.00287],[-8.4308,40.00291],[-8.43054,40.00298],[-8.43027,40.00152],[-8.42977,40.00152],[-8.42963,40.00126],[-8.42907,40.00138],[-8.42865,40.00117],[-8.42807,40.00106],[-8.42747,40.00079],[-8.42707,40.00027],[-8.4248,40.00033]]]}},{"type":"Feature","properties":{"id":"passadicos-do-rio-de-mouros","tipo":"outro","ficha":0,"codigo":""},"geometry":{"type":"LineString","coordinates":[[-8.48673,40.09354],[-8.48673,40.09368],[-8.48705,40.09387],[-8.48728,40.09464],[-8.48789,40.09465],[-8.48826,40.09515],[-8.48837,40.09513],[-8.48849,40.0955],[-8.48919,40.09608],[-8.4898,40.09635],[-8.49012,40.09722],[-8.49061,40.09758],[-8.4914,40.09783]]}},{"type":"Feature","properties":{"id":"pr2-cdn-rota-do-sico","tipo":"PR","ficha":1,"codigo":"PR2 CDN"},"geometry":{"type":"LineString","coordinates":[[-8.4902,40.09799],[-8.49099,40.09812],[-8.49177,40.09853],[-8.49244,40.09857],[-8.49139,40.098],[-8.49135,40.0979],[-8.49151,40.09771],[-8.49203,40.09781],[-8.49246,40.09764],[-8.49301,40.09602],[-8.4934,40.09593],[-8.49355,40.09579],[-8.49359,40.09525],[-8.49368,40.09518],[-8.49402,40.0952],[-8.49472,40.09505],[-8.4952,40.09482],[-8.49567,40.09494],[-8.49609,40.0948],[-8.49558,40.09444],[-8.49514,40.09385],[-8.49485,40.09299],[-8.49488,40.09182],[-8.49428,40.09106],[-8.4946,40.08998],[-8.49413,40.08953],[-8.49367,40.08876],[-8.49375,40.08758],[-8.49347,40.08642],[-8.49327,40.08612],[-8.49227,40.08518],[-8.49258,40.08479],[-8.49233,40.08402],[-8.49241,40.08361],[-8.49326,40.08307],[-8.49453,40.08281],[-8.49424,40.08263],[-8.49386,40.08218],[-8.4936,40.08203],[-8.49321,40.08196],[-8.49277,40.08158],[-8.49222,40.08131],[-8.4923,40.08104],[-8.49287,40.08058],[-8.4924,40.08045],[-8.492,40.0798],[-8.49082,40.07908],[-8.49066,40.07858],[-8.49009,40.0776],[-8.49023,40.0766],[-8.48985,40.076],[-8.48985,40.07548],[-8.48972,40.07529],[-8.48929,40.07514],[-8.48891,40.07514],[-8.48891,40.07488],[-8.48923,40.07456],[-8.48948,40.07445],[-8.48983,40.07387],[-8.49129,40.07349],[-8.49152,40.07308],[-8.49239,40.07256],[-8.49387,40.0724],[-8.49484,40.07244],[-8.49518,40.07229],[-8.49631,40.07215],[-8.49662,40.07219],[-8.49821,40.07192],[-8.49832,40.0718],[-8.4981,40.07138],[-8.49704,40.07031],[-8.49717,40.07019],[-8.49746,40.07021],[-8.49749,40.06956],[-8.49733,40.0693],[-8.49816,40.06887],[-8.49914,40.06856],[-8.49923,40.06835],[-8.5,40.06861],[-8.50075,40.06913],[-8.50106,40.06868],[-8.50196,40.06874],[-8.50243,40.06865],[-8.50298,40.06842],[-8.50347,40.06773],[-8.50411,40.06734],[-8.50418,40.06694],[-8.50453,40.06661],[-8.50538,40.06629],[-8.50618,40.06574],[-8.50682,40.06557],[-8.50687,40.06518],[-8.50745,40.06462],[-8.50775,40.06409],[-8.50794,40.062],[-8.50827,40.06086],[-8.50832,40.0608],[-8.50867,40.06115],[-8.50906,40.06028],[-8.50873,40.06021],[-8.50861,40.06007],[-8.50835,40.0605],[-8.50836,40.05976],[-8.5086,40.059],[-8.5087,40.05777],[-8.50784,40.05813],[-8.50776,40.05729],[-8.50767,40.0572],[-8.50672,40.05705],[-8.50496,40.0562],[-8.50435,40.0561],[-8.50383,40.05654],[-8.50276,40.05698],[-8.50035,40.05672],[-8.49996,40.05593],[-8.50005,40.05488],[-8.50036,40.05489],[-8.50078,40.0546],[-8.50119,40.05446],[-8.5015,40.0542],[-8.50188,40.05342],[-8.50101,40.05258],[-8.50054,40.05181],[-8.50105,40.05188],[-8.50048,40.05105],[-8.50047,40.05094],[-8.50086,40.05045],[-8.50086,40.05028],[-8.5002,40.04993],[-8.50073,40.04956],[-8.50113,40.04911],[-8.50149,40.04913],[-8.50215,40.04891],[-8.5024,40.04862],[-8.50236,40.04846],[-8.50212,40.04825],[-8.50149,40.04801],[-8.50135,40.04773],[-8.50038,40.04786],[-8.49989,40.04776],[-8.49958,40.0479],[-8.4994,40.04785],[-8.49938,40.04754],[-8.49915,40.04769],[-8.49891,40.04764],[-8.49877,40.04751],[-8.49827,40.0475],[-8.49874,40.04734],[-8.49788,40.04721],[-8.49768,40.04698],[-8.49748,40.04697],[-8.49709,40.04668],[-8.4963,40.04638],[-8.49615,40.04607],[-8.49602,40.04622],[-8.49607,40.04658],[-8.49631,40.0471],[-8.4968,40.04729],[-8.49757,40.048],[-8.49853,40.04838],[-8.49884,40.04865],[-8.49882,40.04881],[-8.49823,40.04915],[-8.49807,40.04935],[-8.49787,40.051],[-8.49884,40.05286],[-8.49889,40.05334],[-8.4988,40.05364],[-8.49861,40.0538],[-8.49801,40.05389],[-8.49786,40.05443],[-8.49758,40.05469],[-8.49772,40.05496],[-8.49852,40.0553],[-8.49857,40.05614],[-8.49892,40.05697],[-8.49858,40.05717],[-8.49886,40.05763],[-8.4991,40.05782],[-8.50032,40.05748],[-8.50148,40.05783],[-8.50186,40.05854],[-8.50173,40.05965],[-8.50259,40.06021],[-8.5033,40.06019],[-8.50382,40.06028],[-8.5039,40.06061],[-8.50427,40.06099],[-8.50423,40.06112],[-8.50396,40.0612],[-8.5024,40.06064],[-8.50167,40.06074],[-8.50019,40.06072],[-8.50044,40.06119],[-8.50081,40.06152],[-8.50061,40.06226],[-8.49999,40.06271],[-8.49996,40.06305],[-8.50014,40.06357],[-8.49939,40.06412],[-8.49857,40.0651],[-8.4983,40.06569],[-8.49836,40.06634],[-8.4981,40.06696],[-8.49798,40.06703],[-8.49735,40.06703],[-8.49715,40.06714],[-8.4968,40.06786],[-8.49661,40.06877],[-8.49641,40.06895],[-8.49493,40.06853],[-8.4946,40.0687],[-8.49411,40.06924],[-8.49352,40.06946],[-8.49226,40.06931],[-8.49147,40.06906],[-8.49076,40.06899],[-8.49031,40.06909],[-8.48647,40.06931],[-8.4859,40.0693],[-8.48555,40.0691],[-8.4851,40.0691],[-8.48473,40.06844],[-8.48424,40.06808],[-8.48355,40.06716],[-8.48326,40.06698],[-8.48249,40.06572],[-8.48225,40.06495],[-8.48234,40.06445],[-8.48228,40.06353],[-8.48157,40.06226],[-8.48064,40.06142],[-8.48071,40.0612],[-8.48041,40.06095],[-8.4802,40.06033],[-8.48065,40.06001],[-8.48066,40.0598],[-8.48029,40.05969],[-8.47946,40.05972],[-8.47941,40.05931],[-8.47927,40.05926],[-8.47866,40.05929],[-8.47814,40.05944],[-8.47772,40.059],[-8.4776,40.05786],[-8.47632,40.05792],[-8.47556,40.05781],[-8.47486,40.05786],[-8.47439,40.05757],[-8.47411,40.05775],[-8.47377,40.05779],[-8.47329,40.05814],[-8.47363,40.05898],[-8.47372,40.05964],[-8.47358,40.06018],[-8.47393,40.06076],[-8.47388,40.0614],[-8.4742,40.06229],[-8.47401,40.06299],[-8.47403,40.06328],[-8.47436,40.06384],[-8.47442,40.06458],[-8.47474,40.06602],[-8.47532,40.06673],[-8.4767,40.06779],[-8.47695,40.06807],[-8.47684,40.06848],[-8.47718,40.06884],[-8.4769,40.069],[-8.47621,40.06879],[-8.47595,40.06886],[-8.47627,40.06947],[-8.4763,40.07036],[-8.47617,40.07131],[-8.47654,40.0725],[-8.47662,40.07361],[-8.47683,40.07464],[-8.47702,40.07504],[-8.47695,40.07564],[-8.4771,40.07639],[-8.47776,40.07796],[-8.47818,40.07838],[-8.47785,40.07839],[-8.47765,40.07868],[-8.47665,40.07858],[-8.47586,40.07894],[-8.47529,40.0789],[-8.47333,40.07939],[-8.4736,40.07947],[-8.47469,40.07929],[-8.47517,40.07951],[-8.47596,40.0796],[-8.47652,40.0799],[-8.47765,40.08113],[-8.47856,40.08172],[-8.4795,40.08174],[-8.47969,40.08188],[-8.48091,40.08226],[-8.48215,40.08242],[-8.48267,40.08262],[-8.48296,40.0829],[-8.4838,40.08316],[-8.48411,40.08337],[-8.48417,40.08357],[-8.48395,40.08392],[-8.48348,40.08413],[-8.4826,40.08424],[-8.48184,40.08462],[-8.48146,40.08528],[-8.48156,40.08593],[-8.48193,40.08641],[-8.48314,40.08685],[-8.48407,40.0869],[-8.48422,40.08697],[-8.48423,40.08719],[-8.48469,40.08785],[-8.48521,40.08792],[-8.4854,40.08811],[-8.48548,40.08824],[-8.48543,40.08873],[-8.48527,40.08901],[-8.48511,40.089],[-8.485,40.08909],[-8.48583,40.08984],[-8.48621,40.09041],[-8.48636,40.09076],[-8.48617,40.09205],[-8.48658,40.09256],[-8.48664,40.09277],[-8.48647,40.09327],[-8.48621,40.09342],[-8.48624,40.09403],[-8.48599,40.09439],[-8.48633,40.09474],[-8.48645,40.0951],[-8.48794,40.09656],[-8.48956,40.09784],[-8.4902,40.09799]]}},{"type":"Feature","properties":{"id":"pr3-fig-rota-da-boa-viagem","tipo":"PR","ficha":1,"codigo":"PR3 FIG"},"geometry":{"type":"LineString","coordinates":[[-8.8858,40.19433],[-8.8862,40.19414],[-8.88662,40.1941],[-8.88703,40.19363],[-8.88749,40.19349],[-8.88769,40.19322],[-8.88743,40.1929],[-8.88806,40.19225],[-8.88982,40.19182],[-8.88983,40.19126],[-8.89197,40.19065],[-8.89331,40.19044],[-8.89396,40.19023],[-8.89382,40.18951],[-8.89392,40.18939],[-8.89419,40.18948],[-8.89476,40.19002],[-8.896,40.19074],[-8.89633,40.19102],[-8.89645,40.19146],[-8.89724,40.19197],[-8.89744,40.19203],[-8.8987,40.19169],[-8.9003,40.19173],[-8.90065,40.19177],[-8.90128,40.19212],[-8.90103,40.19239],[-8.90014,40.19277],[-8.89919,40.19289],[-8.89939,40.19302],[-8.90111,40.19319],[-8.9013,40.1934],[-8.90111,40.19385],[-8.90097,40.19589],[-8.90065,40.19616],[-8.89815,40.19696],[-8.89807,40.19731],[-8.89823,40.19773],[-8.89674,40.198],[-8.89563,40.19802],[-8.89467,40.19834],[-8.89411,40.19841],[-8.89406,40.19853],[-8.8951,40.19837],[-8.89581,40.19841],[-8.89627,40.19897],[-8.89731,40.1991],[-8.89815,40.19902],[-8.89838,40.19912],[-8.89869,40.19974],[-8.89893,40.1998],[-8.89994,40.19951],[-8.90021,40.19967],[-8.90025,40.19983],[-8.89993,40.20024],[-8.89945,40.20053],[-8.89869,40.20151],[-8.89809,40.20189],[-8.8979,40.2025],[-8.89807,40.20271],[-8.898,40.20286],[-8.89519,40.20523],[-8.89466,40.20602],[-8.89489,40.20661],[-8.89462,40.20685],[-8.89451,40.20728],[-8.89289,40.2095],[-8.89143,40.21044],[-8.88983,40.21177],[-8.88881,40.21098],[-8.88844,40.21051],[-8.88754,40.21029],[-8.88737,40.21016],[-8.88723,40.20975],[-8.88733,40.20957],[-8.88751,40.20942],[-8.88817,40.20931],[-8.88816,40.2091],[-8.88777,40.20871],[-8.8879,40.20834],[-8.88714,40.20781],[-8.8864,40.20763],[-8.88592,40.20723],[-8.88505,40.20627],[-8.88515,40.20597],[-8.88509,40.20583],[-8.88468,40.20556],[-8.88442,40.20521],[-8.884,40.20505],[-8.88314,40.20501],[-8.88251,40.20485],[-8.88141,40.20496],[-8.87974,40.20475],[-8.87843,40.20473],[-8.87732,40.20482],[-8.87597,40.20473],[-8.87561,40.20476],[-8.87436,40.20516],[-8.87314,40.205],[-8.8722,40.2051],[-8.87117,40.20497],[-8.86942,40.20508],[-8.86839,40.20469],[-8.86802,40.20466],[-8.86729,40.2044],[-8.86638,40.20421],[-8.86616,40.20424],[-8.86619,40.20371],[-8.86605,40.20352],[-8.86629,40.20329],[-8.86721,40.20347],[-8.86745,40.20344],[-8.86793,40.20359],[-8.86865,40.20346],[-8.86966,40.20358],[-8.871,40.2032],[-8.87167,40.2027],[-8.87236,40.20273],[-8.87329,40.20262],[-8.87606,40.20203],[-8.87722,40.20201],[-8.87922,40.20222],[-8.87963,40.20217],[-8.87984,40.2024],[-8.88033,40.20158],[-8.88059,40.20133],[-8.8815,40.20087],[-8.88352,40.19925],[-8.88372,40.1987],[-8.88414,40.19563],[-8.88458,40.19515],[-8.88567,40.19454],[-8.88579,40.19436]]}},{"type":"Feature","properties":{"id":"pr3-lsa-rota-da-levada","tipo":"PR","ficha":0,"codigo":"PR3 LSA"},"geometry":{"type":"MultiLineString","coordinates":[[[-8.2034,40.08077],[-8.20366,40.08061],[-8.20393,40.08064],[-8.20479,40.08144],[-8.20552,40.08163],[-8.20568,40.08181],[-8.20621,40.08185],[-8.20655,40.08166],[-8.20716,40.08162],[-8.20778,40.08127],[-8.20904,40.08087],[-8.20909,40.08078],[-8.20963,40.0809],[-8.20994,40.08149],[-8.21103,40.08153],[-8.21331,40.08049],[-8.21345,40.08023],[-8.21335,40.07948],[-8.21324,40.07939],[-8.21337,40.07897],[-8.21312,40.0783],[-8.21362,40.07789],[-8.21362,40.07772],[-8.21278,40.07702],[-8.21237,40.07644],[-8.21249,40.07585],[-8.21266,40.07567],[-8.21252,40.07557],[-8.21253,40.07538],[-8.21268,40.07531],[-8.21256,40.07494],[-8.2123,40.07481],[-8.21231,40.07472],[-8.21198,40.0747],[-8.21191,40.07445],[-8.212,40.07354],[-8.21226,40.07308],[-8.21211,40.07283],[-8.21191,40.07277],[-8.21143,40.07234],[-8.2111,40.07223],[-8.21097,40.07228],[-8.21079,40.07177],[-8.21055,40.07163],[-8.21064,40.0716],[-8.21069,40.07103],[-8.21097,40.0707],[-8.21116,40.07062],[-8.21117,40.07046],[-8.21151,40.07037],[-8.21201,40.06992],[-8.21198,40.07002],[-8.21265,40.07028],[-8.213,40.07059],[-8.21334,40.07071],[-8.21393,40.07066],[-8.2144,40.07055],[-8.21465,40.07037],[-8.21471,40.07011],[-8.21505,40.06999],[-8.21512,40.06987],[-8.21534,40.06989],[-8.21566,40.06977],[-8.21572,40.06965],[-8.21561,40.06958],[-8.21577,40.06934],[-8.21572,40.06899],[-8.21585,40.06872],[-8.21607,40.06892],[-8.21626,40.06896],[-8.21673,40.06948],[-8.21688,40.0698],[-8.217,40.06985],[-8.21767,40.06964],[-8.21768,40.0694],[-8.21805,40.06901],[-8.21826,40.06936],[-8.21866,40.06965],[-8.21872,40.0701],[-8.21835,40.07085],[-8.21834,40.07186],[-8.21754,40.07301],[-8.21752,40.07347],[-8.21836,40.07435],[-8.21886,40.07464],[-8.21937,40.07518],[-8.21944,40.07542],[-8.21963,40.07538],[-8.21966,40.07518]],[[-8.21937,40.07518],[-8.21966,40.07518],[-8.22015,40.0746],[-8.22068,40.07451],[-8.22095,40.07434],[-8.22118,40.07436],[-8.22146,40.07453],[-8.22199,40.07453],[-8.22203,40.07467],[-8.2219,40.0747],[-8.2219,40.07489],[-8.22174,40.07501],[-8.22212,40.07525],[-8.22221,40.07548],[-8.22232,40.07548],[-8.2226,40.07586],[-8.22263,40.07636],[-8.22299,40.07665],[-8.22307,40.07684],[-8.22345,40.07702],[-8.22363,40.07724],[-8.22396,40.07734],[-8.22422,40.07728],[-8.22465,40.07744],[-8.22387,40.07861],[-8.2238,40.07883],[-8.22391,40.07933],[-8.22365,40.07939],[-8.22341,40.07986],[-8.2231,40.08002],[-8.22324,40.08064],[-8.22248,40.08044],[-8.22232,40.08049],[-8.22128,40.08028],[-8.21975,40.0805],[-8.21921,40.08092],[-8.21894,40.08128],[-8.219,40.08169],[-8.21849,40.08199],[-8.21794,40.08265],[-8.21779,40.08303],[-8.21811,40.08342],[-8.21799,40.08342],[-8.21838,40.08381],[-8.21862,40.08389],[-8.2188,40.08428],[-8.21897,40.08427],[-8.21902,40.08454],[-8.21921,40.08465],[-8.2192,40.08516],[-8.21829,40.08592],[-8.21816,40.08649],[-8.21858,40.08711],[-8.21861,40.08811],[-8.21954,40.08814],[-8.2195,40.08822],[-8.21979,40.08829],[-8.22006,40.08823],[-8.22078,40.08832],[-8.22093,40.08823],[-8.22146,40.08868],[-8.22139,40.08875],[-8.22153,40.08879],[-8.2218,40.08941],[-8.22215,40.08971],[-8.22267,40.0897],[-8.22283,40.08957],[-8.22357,40.09062],[-8.22472,40.09099],[-8.22575,40.09171]],[[-8.22607,40.09176],[-8.22597,40.09198],[-8.22612,40.09203],[-8.22657,40.09298],[-8.22682,40.09306],[-8.22681,40.09317],[-8.22691,40.09315],[-8.22691,40.09338],[-8.2271,40.09368],[-8.22757,40.0939],[-8.22842,40.0941],[-8.22861,40.09439],[-8.22815,40.09483],[-8.22718,40.09476],[-8.22651,40.09505],[-8.22653,40.09517],[-8.22621,40.09522],[-8.22585,40.09506],[-8.22546,40.09423],[-8.22515,40.09409],[-8.22479,40.09362],[-8.22357,40.09278],[-8.22297,40.09278],[-8.22204,40.09303],[-8.22178,40.09298],[-8.22123,40.09258],[-8.22069,40.0921],[-8.22046,40.09146],[-8.22013,40.09106],[-8.21969,40.09096],[-8.21951,40.09074],[-8.21941,40.09018],[-8.21921,40.0899],[-8.2182,40.08989],[-8.21739,40.08945],[-8.21681,40.08888],[-8.21678,40.08847],[-8.21653,40.08808],[-8.21665,40.08742],[-8.21647,40.0874],[-8.21625,40.08791],[-8.21565,40.08805],[-8.21561,40.08816],[-8.21543,40.08822],[-8.21503,40.08815],[-8.21515,40.08795],[-8.21503,40.0879],[-8.21525,40.08712],[-8.21469,40.08666],[-8.21471,40.08628],[-8.21443,40.08603],[-8.21431,40.08548],[-8.21403,40.08534],[-8.2136,40.08535],[-8.21273,40.08522],[-8.21262,40.08513],[-8.21173,40.08494],[-8.21054,40.08495],[-8.21001,40.08471],[-8.20973,40.08471],[-8.20948,40.08448],[-8.20894,40.0843],[-8.20899,40.08406],[-8.20873,40.08373],[-8.208,40.08338],[-8.20778,40.08295],[-8.20785,40.08262],[-8.20733,40.08261],[-8.20705,40.0825],[-8.20689,40.08256],[-8.20674,40.08285],[-8.2062,40.08289],[-8.20557,40.08279],[-8.2053,40.08257],[-8.20511,40.08212],[-8.20473,40.08198],[-8.20493,40.08179],[-8.20469,40.08171],[-8.20428,40.08095]]]}},{"type":"Feature","properties":{"id":"pr2-lsa-rota-das-aldeias-do-xisto-da-lousa","tipo":"PR","ficha":0,"codigo":"PR2 LSA"},"geometry":{"type":"MultiLineString","coordinates":[[[-8.23464,40.09773],[-8.23452,40.09779],[-8.23409,40.09763],[-8.23331,40.09649],[-8.23264,40.09645],[-8.23195,40.09627],[-8.23084,40.09579],[-8.23087,40.09515],[-8.23067,40.09447],[-8.23028,40.09402],[-8.22962,40.09394],[-8.22936,40.09351],[-8.22912,40.09336],[-8.22838,40.09322],[-8.22827,40.09334],[-8.22874,40.09376],[-8.22859,40.09374],[-8.22842,40.0941]],[[-8.22657,40.09293],[-8.22612,40.09203],[-8.22597,40.09198],[-8.2261,40.09171],[-8.22628,40.09169],[-8.22673,40.09114],[-8.22746,40.09083],[-8.2278,40.09036],[-8.22825,40.0902],[-8.22842,40.08995],[-8.2286,40.09077],[-8.22973,40.09207],[-8.23011,40.09227],[-8.23047,40.09232],[-8.23081,40.09225],[-8.2315,40.09305],[-8.23216,40.09346],[-8.2327,40.09352],[-8.23317,40.09305],[-8.23316,40.09295],[-8.23289,40.09292],[-8.2341,40.09231],[-8.23453,40.09196],[-8.23511,40.09241],[-8.23591,40.09263],[-8.23566,40.09289],[-8.23581,40.093],[-8.23571,40.09363],[-8.2359,40.09411],[-8.23563,40.09445],[-8.2357,40.09455],[-8.23613,40.09471],[-8.23575,40.09533],[-8.23498,40.0958],[-8.23414,40.0965],[-8.23432,40.09687],[-8.23427,40.09724],[-8.23448,40.0973],[-8.23445,40.09745],[-8.23474,40.09742],[-8.23464,40.09773],[-8.2349,40.09764],[-8.23477,40.09795],[-8.23528,40.09784],[-8.23537,40.09762],[-8.23538,40.09783],[-8.2356,40.09762],[-8.23597,40.09771],[-8.23553,40.09793],[-8.23537,40.09823],[-8.23561,40.09802],[-8.23602,40.09807],[-8.2357,40.09811],[-8.23535,40.09831],[-8.23469,40.09842],[-8.23423,40.09863],[-8.23442,40.0991],[-8.23459,40.09926],[-8.23463,40.09954],[-8.23446,40.09973],[-8.23444,40.1],[-8.23422,40.09993],[-8.23403,40.10001],[-8.23409,40.10016],[-8.23416,40.10014],[-8.23463,40.10072],[-8.23462,40.10089],[-8.23474,40.10073],[-8.2347,40.10089],[-8.23517,40.10058],[-8.23541,40.10069],[-8.23545,40.10083],[-8.2353,40.10079],[-8.23474,40.10122],[-8.23433,40.10132],[-8.2333,40.10051],[-8.23266,40.10052],[-8.233,40.09946],[-8.23249,40.09909],[-8.23211,40.09842],[-8.2312,40.09824],[-8.23077,40.09837],[-8.2304,40.09836],[-8.22985,40.09821],[-8.22932,40.09821],[-8.22894,40.09761],[-8.22829,40.09739],[-8.22788,40.09736],[-8.22755,40.09716],[-8.2273,40.09676],[-8.22722,40.09628],[-8.22742,40.0962],[-8.22742,40.09609],[-8.22709,40.09586],[-8.22769,40.09592],[-8.22712,40.09552],[-8.22683,40.09554],[-8.2271,40.09535],[-8.22751,40.0954],[-8.22733,40.09523],[-8.22651,40.09505],[-8.22718,40.09476],[-8.22815,40.09483],[-8.22861,40.09439],[-8.22842,40.0941],[-8.22757,40.0939],[-8.2271,40.09368],[-8.22691,40.09338],[-8.22691,40.09315],[-8.22681,40.09317],[-8.22682,40.09306],[-8.22657,40.09293]],[[-8.2261,40.09171],[-8.22612,40.09156],[-8.22651,40.09111],[-8.22712,40.09071],[-8.22761,40.09005],[-8.2275,40.08944],[-8.22807,40.08871],[-8.22789,40.08826],[-8.22819,40.08753],[-8.22846,40.08774],[-8.22861,40.08765],[-8.22887,40.0881],[-8.22923,40.08824],[-8.22929,40.08808],[-8.22983,40.08785],[-8.23043,40.08744],[-8.23126,40.08722],[-8.23175,40.08681],[-8.23202,40.08638],[-8.23259,40.08646],[-8.23279,40.0864],[-8.23352,40.08658],[-8.23361,40.08703],[-8.23411,40.08769],[-8.23467,40.0878],[-8.23551,40.08829],[-8.23631,40.08834],[-8.23672,40.08885],[-8.23674,40.08905],[-8.23649,40.08937],[-8.2358,40.0896],[-8.23674,40.08999],[-8.23665,40.09009],[-8.2358,40.09034],[-8.2363,40.09082],[-8.23582,40.09102],[-8.23574,40.09116],[-8.23636,40.09141],[-8.23588,40.09164],[-8.23566,40.09253]]]}},{"type":"Feature","properties":{"id":"pr4-lsa-rota-do-trevim","tipo":"PR","ficha":0,"codigo":"PR4 LSA"},"geometry":{"type":"MultiLineString","coordinates":[[[-8.18081,40.08797],[-8.1806,40.08835],[-8.18057,40.08872],[-8.18012,40.08939],[-8.17966,40.08952],[-8.17972,40.08961],[-8.17936,40.08968],[-8.17863,40.09016],[-8.17855,40.09077],[-8.17817,40.09104],[-8.17821,40.09122],[-8.17848,40.09134],[-8.17805,40.09137],[-8.17792,40.09169],[-8.17813,40.0939],[-8.17852,40.09442],[-8.17946,40.09533],[-8.17999,40.09603],[-8.18008,40.09631],[-8.18028,40.09725],[-8.18022,40.09782],[-8.18035,40.09855],[-8.18025,40.09944],[-8.18057,40.09959],[-8.18138,40.09947],[-8.18209,40.09895],[-8.18287,40.09867],[-8.184,40.09859],[-8.18418,40.09821],[-8.18443,40.09817],[-8.18502,40.09885],[-8.18667,40.09951],[-8.19142,40.10128],[-8.19242,40.10129],[-8.19418,40.10185],[-8.19596,40.10281],[-8.19624,40.10306],[-8.19945,40.10388],[-8.20188,40.10508],[-8.20254,40.10508],[-8.20331,40.10494],[-8.2036,40.10473],[-8.2051,40.10475],[-8.20499,40.10448],[-8.20425,40.1043],[-8.20281,40.10446],[-8.20216,40.10438],[-8.20168,40.10335],[-8.20061,40.10258],[-8.19927,40.10196],[-8.20061,40.10232],[-8.20148,40.10267],[-8.2023,40.10281],[-8.2029,40.10255],[-8.20342,40.10203],[-8.20317,40.10187],[-8.2033,40.1016],[-8.20357,40.10136],[-8.20401,40.10134],[-8.20456,40.10169],[-8.2048,40.10166],[-8.20507,40.10119],[-8.20549,40.10107],[-8.20641,40.10156],[-8.20657,40.10152],[-8.20725,40.10013],[-8.2077,40.09991],[-8.20826,40.09979],[-8.20866,40.09879],[-8.20855,40.09829],[-8.20797,40.09918],[-8.20728,40.09906],[-8.20682,40.09888],[-8.20624,40.09855],[-8.20592,40.0981],[-8.20599,40.09799],[-8.20634,40.09794],[-8.20713,40.09825],[-8.20712,40.09761],[-8.20751,40.09719],[-8.20681,40.09741],[-8.20648,40.09714],[-8.20576,40.09714],[-8.20506,40.09735],[-8.20508,40.09689],[-8.20487,40.09669],[-8.20366,40.09771],[-8.20337,40.09772],[-8.20326,40.09784],[-8.20237,40.09787],[-8.20224,40.09776],[-8.2022,40.09748],[-8.20244,40.09662],[-8.20217,40.09619],[-8.20225,40.09589],[-8.20191,40.09541],[-8.20195,40.09487],[-8.2022,40.09421],[-8.20199,40.09375],[-8.20174,40.09348],[-8.20156,40.09342],[-8.20128,40.09377],[-8.2007,40.09368],[-8.19931,40.09382],[-8.1997,40.09299],[-8.19952,40.09278],[-8.19876,40.09238],[-8.1984,40.09234],[-8.19784,40.09261],[-8.19726,40.09297],[-8.1961,40.09397],[-8.19491,40.09411],[-8.19498,40.09364],[-8.19475,40.09373],[-8.19463,40.09362]],[[-8.1947,40.09365],[-8.19497,40.09344],[-8.19509,40.09352],[-8.19535,40.09327],[-8.19576,40.09313],[-8.1959,40.0927],[-8.19613,40.09262],[-8.19617,40.09221],[-8.19636,40.09189],[-8.19629,40.09175],[-8.19646,40.09145],[-8.19633,40.09129],[-8.19691,40.09036],[-8.19759,40.08999],[-8.19813,40.08981],[-8.19745,40.08866],[-8.19739,40.08835],[-8.19747,40.08811],[-8.19789,40.08841],[-8.19892,40.08846],[-8.19992,40.08821],[-8.20018,40.08778],[-8.2008,40.08731],[-8.20201,40.08706],[-8.20346,40.08705],[-8.20439,40.08676],[-8.20521,40.08685],[-8.20628,40.08669],[-8.206,40.08639],[-8.20475,40.08597],[-8.20336,40.08403],[-8.20308,40.08383],[-8.2023,40.08355],[-8.20195,40.08327],[-8.20231,40.08215],[-8.20227,40.08164],[-8.20211,40.08141],[-8.20265,40.08157],[-8.20279,40.08141],[-8.20261,40.08137],[-8.20258,40.08128],[-8.20294,40.08093],[-8.20338,40.08085],[-8.20351,40.08066],[-8.20373,40.08061],[-8.20309,40.08045],[-8.203,40.0801],[-8.20317,40.07915],[-8.20263,40.0785],[-8.20254,40.07792],[-8.20237,40.07761],[-8.20189,40.07793],[-8.20151,40.07797],[-8.20063,40.07762],[-8.20047,40.07747],[-8.20039,40.07754],[-8.20042,40.07776],[-8.20084,40.07838],[-8.20147,40.07895],[-8.20163,40.07923],[-8.20067,40.07909],[-8.19977,40.07876],[-8.19949,40.07884],[-8.19945,40.07875],[-8.19837,40.07863],[-8.19797,40.07836],[-8.1974,40.07819],[-8.19723,40.0783],[-8.19701,40.0783],[-8.19655,40.07808],[-8.19631,40.07807],[-8.19601,40.07768],[-8.19531,40.07759],[-8.19394,40.07716],[-8.19373,40.07713],[-8.1932,40.07727],[-8.19288,40.07725],[-8.19278,40.07716],[-8.19247,40.07724],[-8.19218,40.07716],[-8.1921,40.07691],[-8.1915,40.07699],[-8.19054,40.07676],[-8.19025,40.07652],[-8.19003,40.07661]]]}},{"type":"Feature","properties":{"id":"pr1-lsa-rota-dos-moinhos","tipo":"PR","ficha":0,"codigo":"PR1 LSA"},"geometry":{"type":"MultiLineString","coordinates":[[[-8.23541,40.10069],[-8.23517,40.10058],[-8.2347,40.10089],[-8.23477,40.10075],[-8.23466,40.10084],[-8.23451,40.10076],[-8.23417,40.10034],[-8.23403,40.10001],[-8.23422,40.09993],[-8.23444,40.1],[-8.23446,40.09973],[-8.23463,40.09954],[-8.23459,40.09926],[-8.23442,40.0991],[-8.23423,40.09863],[-8.23469,40.09842],[-8.23535,40.09831],[-8.2357,40.09811],[-8.23624,40.0982],[-8.23645,40.09799],[-8.23684,40.09848],[-8.23737,40.09889],[-8.2374,40.09943],[-8.23784,40.10002],[-8.23704,40.10088],[-8.23721,40.10119],[-8.23774,40.10106],[-8.23861,40.10045],[-8.23961,40.10033],[-8.23993,40.10049],[-8.23992,40.10154],[-8.24018,40.10186],[-8.24068,40.10195],[-8.24121,40.10189],[-8.24202,40.10165],[-8.24294,40.10113],[-8.24412,40.10134],[-8.2448,40.10162],[-8.24505,40.10196],[-8.24517,40.10195],[-8.24546,40.10224],[-8.24534,40.10553],[-8.24595,40.1069],[-8.24601,40.1085],[-8.24685,40.10991],[-8.24608,40.11016],[-8.24551,40.10955],[-8.24477,40.11031],[-8.24353,40.1092],[-8.24388,40.1086],[-8.24396,40.10798],[-8.24333,40.10594],[-8.24365,40.10455],[-8.24396,40.10387],[-8.24363,40.10247],[-8.24338,40.10239],[-8.2425,40.10257],[-8.24179,40.10252],[-8.24059,40.10263],[-8.23956,40.10236],[-8.23886,40.10165],[-8.23798,40.10231],[-8.23738,40.10254],[-8.23688,40.10259],[-8.23625,40.10211],[-8.23577,40.10158],[-8.23541,40.10069]],[[-8.23524,40.10059],[-8.23521,40.1004],[-8.2355,40.09999],[-8.2357,40.09928],[-8.23585,40.09908],[-8.23538,40.09901],[-8.23561,40.09875],[-8.2356,40.09865],[-8.23622,40.09864],[-8.23628,40.09857],[-8.23685,40.09896],[-8.23684,40.09926],[-8.23709,40.09988],[-8.2371,40.10007],[-8.23682,40.10045],[-8.23669,40.10047],[-8.23655,40.10083],[-8.23675,40.10119],[-8.23724,40.10144],[-8.23747,40.10142],[-8.23774,40.10106]]]}},{"type":"Feature","properties":{"id":"estacao-da-biodiversidade-da-barrinha-de-mira","tipo":"outro","ficha":0,"codigo":""},"geometry":{"type":"LineString","coordinates":[[-8.79387,40.4532],[-8.79292,40.45221],[-8.79242,40.45137],[-8.79203,40.45115],[-8.79163,40.45011],[-8.79202,40.45008],[-8.79216,40.45035],[-8.79295,40.45023],[-8.7955,40.44529],[-8.79577,40.44506]]}},{"type":"Feature","properties":{"id":"pr1-ohp-caminho-do-xisto-de-aldeia-das-dez-i-pelas-varzeas-do-alvoco","tipo":"PR","ficha":0,"codigo":"PR1 OHP"},"geometry":{"type":"MultiLineString","coordinates":[[[-7.86484,40.29468],[-7.86337,40.29459],[-7.8634,40.29496],[-7.86288,40.29519],[-7.8624,40.29567],[-7.86131,40.29623],[-7.86116,40.29654]],[[-7.8612,40.29659],[-7.86067,40.29684],[-7.86039,40.29725],[-7.85987,40.29759],[-7.85935,40.2976],[-7.85938,40.29789],[-7.85902,40.29844],[-7.85906,40.2993],[-7.85887,40.29961],[-7.85898,40.3001],[-7.85876,40.30079],[-7.85858,40.30079],[-7.85852,40.30014],[-7.85836,40.29991],[-7.85757,40.29945],[-7.85738,40.29908],[-7.85728,40.29907],[-7.8572,40.29985],[-7.85713,40.29997],[-7.85687,40.30007],[-7.85703,40.29991],[-7.85698,40.29898],[-7.85691,40.29879],[-7.8566,40.29853],[-7.85647,40.29802],[-7.85614,40.29777],[-7.85545,40.29781],[-7.85596,40.29808],[-7.85594,40.29848],[-7.85577,40.29876],[-7.85603,40.29918],[-7.85598,40.29971],[-7.85552,40.30009],[-7.85553,40.30042],[-7.85537,40.30059],[-7.85401,40.30009],[-7.85371,40.30021],[-7.85319,40.30013],[-7.85264,40.2993],[-7.85073,40.29977],[-7.85069,40.29999],[-7.85015,40.30005],[-7.84896,40.30038],[-7.84847,40.30065],[-7.84835,40.30092],[-7.8476,40.30137],[-7.84767,40.30113],[-7.84689,40.30111],[-7.84445,40.30143],[-7.84386,40.30142],[-7.84271,40.30173],[-7.84236,40.30171],[-7.84199,40.30146],[-7.84177,40.30199],[-7.84162,40.30207],[-7.83958,40.30237],[-7.83939,40.30229],[-7.83879,40.3012],[-7.83817,40.30095],[-7.83696,40.30092],[-7.83618,40.30035],[-7.83577,40.30021],[-7.83503,40.30009],[-7.83395,40.30019],[-7.83167,40.30065],[-7.83062,40.30054],[-7.83016,40.30041],[-7.8294,40.30062],[-7.82812,40.30003],[-7.82689,40.29995],[-7.82633,40.30005],[-7.82541,40.29963],[-7.82545,40.29923],[-7.82524,40.29906],[-7.8248,40.29936],[-7.82466,40.29965],[-7.82454,40.2997],[-7.82385,40.29979],[-7.82324,40.29967],[-7.82208,40.29968],[-7.82034,40.30036],[-7.81888,40.30062],[-7.81841,40.3006],[-7.81815,40.30032],[-7.81818,40.29996],[-7.81942,40.29915],[-7.81981,40.29849],[-7.81922,40.29788],[-7.81908,40.29781],[-7.8188,40.29791],[-7.81856,40.29846],[-7.81778,40.29858],[-7.81768,40.29852],[-7.81809,40.29827],[-7.81801,40.29769],[-7.81773,40.29796],[-7.81732,40.29792],[-7.81673,40.29771],[-7.81638,40.29738],[-7.81526,40.29725],[-7.81327,40.29675],[-7.81321,40.29669],[-7.81334,40.29664],[-7.81408,40.29651],[-7.81455,40.29618],[-7.8144,40.29611],[-7.81375,40.29611],[-7.81334,40.29597],[-7.81276,40.29559],[-7.81264,40.29529],[-7.8106,40.29556],[-7.80929,40.29511],[-7.81007,40.29503],[-7.81097,40.29471],[-7.80958,40.29437],[-7.80963,40.2943],[-7.81063,40.29424],[-7.81197,40.29366],[-7.81303,40.29333],[-7.81315,40.2932],[-7.81296,40.29271],[-7.81414,40.29281],[-7.81444,40.29273],[-7.81507,40.29235],[-7.81589,40.29138],[-7.81621,40.29044],[-7.81624,40.28996],[-7.81633,40.28994],[-7.81717,40.29036],[-7.81783,40.29043],[-7.81842,40.29017],[-7.81886,40.28974],[-7.81899,40.28974],[-7.82009,40.29042],[-7.82071,40.29049],[-7.82119,40.29066],[-7.82137,40.29099],[-7.82214,40.29124],[-7.82244,40.29146],[-7.82239,40.2917],[-7.82249,40.29175],[-7.82364,40.29142],[-7.82532,40.29073],[-7.82663,40.2904],[-7.82778,40.29043],[-7.82868,40.2902],[-7.82935,40.29025],[-7.83017,40.28996],[-7.83025,40.28967],[-7.83012,40.28904],[-7.82959,40.28865],[-7.82957,40.28792],[-7.82914,40.28765],[-7.82904,40.28738],[-7.82941,40.28657],[-7.82931,40.28628],[-7.82903,40.28606],[-7.82936,40.28576],[-7.8297,40.2851],[-7.82985,40.28498],[-7.82998,40.28511],[-7.83009,40.28507],[-7.83012,40.28487],[-7.82981,40.28444],[-7.82918,40.28426],[-7.82918,40.28407],[-7.82855,40.28342],[-7.82875,40.28302],[-7.82872,40.28288],[-7.82786,40.28196],[-7.82827,40.28168],[-7.82883,40.28105],[-7.82903,40.28052],[-7.82896,40.28036],[-7.82815,40.27982],[-7.82568,40.27873],[-7.82513,40.2783],[-7.82356,40.27806],[-7.82316,40.27817]],[[-7.8233,40.27815],[-7.82249,40.27816],[-7.82225,40.27807],[-7.82216,40.27786],[-7.82301,40.27694],[-7.82371,40.27661],[-7.82553,40.27633],[-7.82619,40.27571],[-7.82652,40.27567],[-7.82695,40.27579],[-7.82759,40.27562],[-7.8286,40.27476],[-7.82941,40.27351],[-7.83031,40.27338],[-7.83048,40.27355],[-7.83036,40.27414],[-7.83085,40.27533],[-7.83355,40.27636],[-7.83423,40.27637],[-7.83481,40.27609],[-7.83514,40.27612],[-7.83534,40.27629],[-7.8355,40.27751],[-7.83589,40.27818],[-7.83691,40.27885],[-7.83759,40.27907],[-7.83803,40.27914],[-7.83861,40.2791],[-7.839,40.27899],[-7.8393,40.27876],[-7.84,40.27768],[-7.8402,40.27673],[-7.84099,40.27602],[-7.84172,40.27579],[-7.84186,40.27553],[-7.84204,40.27544],[-7.84253,40.27553],[-7.84304,40.27578],[-7.84313,40.27621],[-7.84347,40.27669],[-7.845,40.27738],[-7.8459,40.27735],[-7.84762,40.2769],[-7.84823,40.27718],[-7.84866,40.27724],[-7.84904,40.27809],[-7.84903,40.27833],[-7.84869,40.27875],[-7.84863,40.2801],[-7.84885,40.28018],[-7.84954,40.28014],[-7.85018,40.2807],[-7.85015,40.28103],[-7.85147,40.28042],[-7.85112,40.28108],[-7.85135,40.28143],[-7.85273,40.28166],[-7.85304,40.28155],[-7.85293,40.28128],[-7.85326,40.28138],[-7.8534,40.28172],[-7.85322,40.28218],[-7.85327,40.28257],[-7.85409,40.2826],[-7.85503,40.28319],[-7.85546,40.2835],[-7.85568,40.28394],[-7.85606,40.28429],[-7.85621,40.2846],[-7.85668,40.28491],[-7.85768,40.28505],[-7.8583,40.28536],[-7.8585,40.28538],[-7.85877,40.2852],[-7.85881,40.28503],[-7.85955,40.28581],[-7.85986,40.28525],[-7.85997,40.28521],[-7.86,40.28555],[-7.86049,40.28608],[-7.86011,40.28687],[-7.86053,40.28684],[-7.86054,40.28697],[-7.86047,40.28712],[-7.86028,40.28709],[-7.85955,40.28753],[-7.85911,40.28747],[-7.85888,40.28759],[-7.85854,40.2881],[-7.85891,40.28802],[-7.85909,40.2878],[-7.85933,40.28779],[-7.86101,40.28814],[-7.86194,40.28806],[-7.86215,40.28797],[-7.86226,40.28745],[-7.86274,40.28752],[-7.86318,40.28742],[-7.86346,40.28768],[-7.86402,40.28775],[-7.86458,40.28768],[-7.86472,40.28785],[-7.86463,40.28804],[-7.86567,40.2882],[-7.86611,40.28767],[-7.86676,40.28759],[-7.8667,40.28804],[-7.86683,40.28848],[-7.86666,40.28893],[-7.86556,40.28959],[-7.86548,40.29006],[-7.86515,40.2903],[-7.8647,40.29099],[-7.86382,40.29196],[-7.86378,40.29214],[-7.86324,40.29265],[-7.86291,40.29336],[-7.86309,40.29385],[-7.86361,40.2941],[-7.86398,40.29449],[-7.86468,40.2946],[-7.86542,40.29519],[-7.86604,40.29537]]]}},{"type":"Feature","properties":{"id":"pr2-ohp-caminho-do-xisto-de-aldeia-das-dez-ii-rota-imperial","tipo":"PR","ficha":0,"codigo":"PR2 OHP"},"geometry":{"type":"MultiLineString","coordinates":[[[-7.86991,40.29699],[-7.87008,40.29711],[-7.87164,40.29733],[-7.87234,40.29776],[-7.87316,40.29802],[-7.87352,40.29837],[-7.87409,40.29859],[-7.87515,40.29865],[-7.87597,40.29854],[-7.87669,40.29905],[-7.87763,40.29913],[-7.87858,40.29862],[-7.88009,40.29825],[-7.88159,40.29826],[-7.88256,40.29798],[-7.88308,40.29813],[-7.88365,40.2981],[-7.88425,40.29794],[-7.88458,40.29796],[-7.88513,40.29773],[-7.88546,40.29745],[-7.88619,40.29744],[-7.88648,40.29717],[-7.88698,40.297],[-7.88719,40.29715],[-7.88811,40.29741],[-7.88856,40.29701],[-7.88856,40.29679],[-7.889,40.29652],[-7.88917,40.29647],[-7.88951,40.29669],[-7.88982,40.29674],[-7.89149,40.2962],[-7.89228,40.29611],[-7.89274,40.29594],[-7.89318,40.29546],[-7.89408,40.29517],[-7.89599,40.29527],[-7.89654,40.29521],[-7.897,40.29547],[-7.89913,40.29437],[-7.89956,40.29403],[-7.90006,40.2941],[-7.90185,40.29339],[-7.9036,40.29304]],[[-7.90366,40.29303],[-7.90362,40.29272],[-7.90387,40.29283],[-7.90457,40.29274],[-7.90455,40.29251],[-7.90415,40.29235],[-7.9039,40.29211],[-7.90377,40.29167],[-7.90389,40.29126],[-7.90458,40.29028],[-7.90461,40.28975],[-7.90496,40.28952],[-7.90539,40.28943],[-7.90541,40.2891],[-7.90579,40.28843],[-7.90599,40.28922],[-7.90718,40.28948],[-7.90683,40.28893],[-7.90695,40.28873],[-7.90713,40.28873],[-7.90741,40.28883],[-7.90779,40.28919],[-7.90828,40.28944],[-7.90939,40.28957],[-7.91053,40.28996],[-7.91116,40.2898],[-7.9117,40.28954],[-7.91229,40.28909],[-7.91247,40.28877],[-7.91275,40.2889],[-7.91302,40.28922],[-7.91334,40.28917],[-7.91377,40.28895],[-7.9141,40.289],[-7.91491,40.28885],[-7.91373,40.2899],[-7.9132,40.29052],[-7.9118,40.29055],[-7.91135,40.29109],[-7.91132,40.29156],[-7.91014,40.29276],[-7.90993,40.29316]],[[-7.91001,40.29315],[-7.90943,40.29348],[-7.90926,40.29371],[-7.90857,40.29384],[-7.90814,40.29432],[-7.90771,40.29444],[-7.90736,40.29485],[-7.9072,40.29482],[-7.90698,40.29452],[-7.9068,40.2945],[-7.90637,40.29364],[-7.90592,40.29334],[-7.90582,40.29314],[-7.90537,40.29326]],[[-7.90535,40.29316],[-7.9049,40.29316],[-7.90441,40.29296],[-7.90418,40.29297],[-7.90387,40.29312],[-7.9036,40.29304],[-7.90309,40.2927],[-7.90273,40.29207],[-7.90193,40.29193],[-7.90121,40.29164],[-7.90035,40.2915],[-7.89973,40.29113],[-7.89917,40.29124],[-7.89834,40.29097],[-7.89833,40.29079],[-7.89808,40.2907],[-7.89821,40.29037],[-7.89802,40.29011],[-7.89797,40.28966],[-7.89809,40.28949],[-7.89795,40.28919],[-7.89817,40.28887],[-7.89781,40.28903],[-7.89776,40.28899],[-7.89807,40.28876],[-7.89805,40.28865],[-7.89797,40.28852],[-7.89758,40.28837],[-7.89756,40.28797],[-7.89771,40.28759],[-7.89747,40.28742],[-7.89732,40.28692],[-7.8971,40.28669],[-7.89661,40.28787],[-7.8963,40.2883],[-7.89562,40.28869],[-7.89515,40.28875],[-7.89497,40.28908],[-7.89462,40.28899],[-7.89345,40.2897],[-7.89253,40.28998],[-7.89241,40.29007],[-7.89235,40.29055],[-7.8914,40.29088],[-7.89067,40.29089],[-7.89039,40.29073],[-7.89019,40.29029],[-7.88944,40.2893],[-7.88855,40.28884],[-7.88805,40.28877],[-7.88777,40.28855],[-7.88691,40.28827],[-7.88597,40.28821],[-7.88523,40.28773],[-7.88468,40.28778],[-7.88386,40.28802],[-7.88274,40.28855],[-7.88224,40.28902],[-7.88091,40.28979],[-7.88007,40.29093],[-7.87921,40.29165],[-7.87875,40.29189],[-7.87814,40.29274],[-7.87797,40.29305],[-7.87797,40.2934],[-7.87699,40.29494],[-7.87662,40.29523],[-7.87536,40.29582],[-7.8746,40.29593],[-7.87423,40.29634],[-7.87329,40.29651],[-7.87249,40.2964],[-7.8714,40.29689],[-7.87066,40.29688],[-7.86997,40.297],[-7.8693,40.29628],[-7.8683,40.29624],[-7.86705,40.29585],[-7.8668,40.29564],[-7.86638,40.29557],[-7.86604,40.29537]]]}},{"type":"Feature","properties":{"id":"pr3-ohp-caminho-do-xisto-de-aldeia-das-dez-iii-nos-passos-do-ermitao","tipo":"PR","ficha":0,"codigo":"PR3 OHP"},"geometry":{"type":"MultiLineString","coordinates":[[[-7.86701,40.31463],[-7.86776,40.31402],[-7.86898,40.31379],[-7.86957,40.31354],[-7.86978,40.31328],[-7.8698,40.3127],[-7.86966,40.31236],[-7.86917,40.31185],[-7.8691,40.31145],[-7.86917,40.31123],[-7.8701,40.31002],[-7.87079,40.30861],[-7.87115,40.30755],[-7.87149,40.30725],[-7.87128,40.30675],[-7.87163,40.30643],[-7.87236,40.30653],[-7.87308,40.30625],[-7.87327,40.30599],[-7.87335,40.30545]],[[-7.86916,40.2963],[-7.86937,40.29633],[-7.87008,40.29711],[-7.87164,40.29733],[-7.87234,40.29776],[-7.87316,40.29802],[-7.87352,40.29837],[-7.87409,40.29859],[-7.87515,40.29865],[-7.87597,40.29854],[-7.87669,40.29905],[-7.87742,40.29913],[-7.87779,40.29909],[-7.87858,40.29862],[-7.88009,40.29825],[-7.88159,40.29826],[-7.88256,40.29798],[-7.88308,40.29813],[-7.88365,40.2981],[-7.88425,40.29794],[-7.88458,40.29796],[-7.88513,40.29773],[-7.88546,40.29745],[-7.88619,40.29744],[-7.88648,40.29717],[-7.88698,40.297],[-7.88719,40.29715],[-7.88792,40.29732],[-7.888,40.29743],[-7.88856,40.29701],[-7.88855,40.29777],[-7.88838,40.29797],[-7.88805,40.29811],[-7.88812,40.29875],[-7.88695,40.29993],[-7.88697,40.30015],[-7.88682,40.30032],[-7.88564,40.30083],[-7.88567,40.30136],[-7.88607,40.30182],[-7.88527,40.30152],[-7.88528,40.30228],[-7.88474,40.30255],[-7.88477,40.30283],[-7.88459,40.30304],[-7.88426,40.30327],[-7.88398,40.30334],[-7.88369,40.30365],[-7.88316,40.30363],[-7.8824,40.30339],[-7.88058,40.30336],[-7.87963,40.30317],[-7.8792,40.30338],[-7.87865,40.30333],[-7.87844,40.30349],[-7.87784,40.30319],[-7.87742,40.3035],[-7.87632,40.30336],[-7.87608,40.30353],[-7.87597,40.3039],[-7.87526,40.30449],[-7.87454,40.30455],[-7.87365,40.30509],[-7.87335,40.30545],[-7.87326,40.30511],[-7.87294,40.30489],[-7.87244,40.30485],[-7.87146,40.30506],[-7.87122,40.30498],[-7.87112,40.30477],[-7.87131,40.30456],[-7.87229,40.30454],[-7.8727,40.30431],[-7.87326,40.30271],[-7.8736,40.30244],[-7.87359,40.30225],[-7.87343,40.30217],[-7.87321,40.3022],[-7.87289,40.30249],[-7.87271,40.30285],[-7.87252,40.30296],[-7.87172,40.30311],[-7.87102,40.3029],[-7.87143,40.30281],[-7.87106,40.30261],[-7.87132,40.3019],[-7.87037,40.30155],[-7.87035,40.30144],[-7.8708,40.30092],[-7.87085,40.30074],[-7.87065,40.30068],[-7.87061,40.30039],[-7.86999,40.30018],[-7.86934,40.29978],[-7.86951,40.29927],[-7.86964,40.29802],[-7.86931,40.29745],[-7.86931,40.29704],[-7.86918,40.29677],[-7.86924,40.29635],[-7.8683,40.29624],[-7.86705,40.29585],[-7.8668,40.29564],[-7.86638,40.29557],[-7.86604,40.29537]]]}},{"type":"Feature","properties":{"id":"pr4-ohp-caminho-do-xisto-de-avo-a-volta-do-alva","tipo":"PR","ficha":0,"codigo":"PR4 OHP"},"geometry":{"type":"LineString","coordinates":[[-7.9036,40.29304],[-7.90185,40.29339],[-7.90006,40.2941],[-7.89956,40.29403],[-7.89913,40.29437],[-7.897,40.29547],[-7.89654,40.29521],[-7.89599,40.29527],[-7.89408,40.29517],[-7.89318,40.29546],[-7.89274,40.29594],[-7.89228,40.29611],[-7.89149,40.2962],[-7.88982,40.29674],[-7.88951,40.29669],[-7.88917,40.29647],[-7.889,40.29652],[-7.88856,40.29679],[-7.88855,40.29777],[-7.88838,40.29797],[-7.88805,40.29811],[-7.88812,40.29875],[-7.88695,40.29993],[-7.88697,40.30015],[-7.88682,40.30032],[-7.88564,40.30083],[-7.88567,40.30136],[-7.88607,40.30182],[-7.88527,40.30152],[-7.88528,40.30228],[-7.88474,40.30255],[-7.88477,40.30283],[-7.88459,40.30304],[-7.88426,40.30327],[-7.88398,40.30334],[-7.88369,40.30365],[-7.88316,40.30363],[-7.8824,40.30339],[-7.88058,40.30336],[-7.87963,40.30317],[-7.8792,40.30338],[-7.87865,40.30333],[-7.87844,40.30349],[-7.87784,40.30319],[-7.87742,40.3035],[-7.87632,40.30336],[-7.87608,40.30353],[-7.87597,40.3039],[-7.87526,40.30449],[-7.87454,40.30455],[-7.87365,40.30509],[-7.87335,40.30545],[-7.87327,40.30599],[-7.87308,40.30625],[-7.87236,40.30653],[-7.87159,40.30645],[-7.87128,40.30675],[-7.87166,40.30756],[-7.87206,40.30779],[-7.87251,40.30781],[-7.87469,40.30721],[-7.87567,40.30674],[-7.87694,40.30651],[-7.87776,40.30609],[-7.87778,40.30592],[-7.87812,40.3059],[-7.87854,40.30548],[-7.88004,40.30629],[-7.88032,40.30636],[-7.88058,40.30629],[-7.88114,40.30632],[-7.88215,40.3068],[-7.88287,40.30675],[-7.88396,40.30651],[-7.88422,40.30657],[-7.8855,40.30623],[-7.88594,40.30601],[-7.88645,40.30552],[-7.88722,40.30505],[-7.88794,40.30486],[-7.88872,40.30359],[-7.88885,40.30308],[-7.88943,40.30232],[-7.88959,40.30191],[-7.88989,40.30161],[-7.88991,40.30134],[-7.89005,40.30121],[-7.89144,40.30087],[-7.89233,40.30041],[-7.89346,40.30001],[-7.89381,40.2998],[-7.89445,40.29962],[-7.89487,40.29926],[-7.89572,40.29901],[-7.89609,40.29868],[-7.89699,40.29816],[-7.89836,40.2978],[-7.8989,40.2973],[-7.89939,40.29724],[-7.90074,40.29622],[-7.90153,40.29585],[-7.90164,40.29503],[-7.90238,40.29448],[-7.9027,40.29445],[-7.90339,40.29463],[-7.90364,40.29461],[-7.90387,40.29447],[-7.90422,40.29399],[-7.90475,40.29413],[-7.90485,40.29445],[-7.90495,40.29437],[-7.90576,40.29452],[-7.90641,40.29374],[-7.90592,40.29334],[-7.90582,40.29314],[-7.90537,40.29326],[-7.90535,40.29316],[-7.9049,40.29316],[-7.90441,40.29296],[-7.90418,40.29297],[-7.90387,40.29312],[-7.90366,40.29303]]}},{"type":"Feature","properties":{"id":"pr5-ohp-caminho-do-xisto-de-oliveira-do-hospital-a-marcha-dos-veteranos","tipo":"PR","ficha":0,"codigo":"PR5 OHP"},"geometry":{"type":"MultiLineString","coordinates":[[[-7.89493,40.36281],[-7.89467,40.36287],[-7.8942,40.36277],[-7.89336,40.36236],[-7.89319,40.36197],[-7.89336,40.36173],[-7.89289,40.36156],[-7.89285,40.36115],[-7.89302,40.36114],[-7.89306,40.36071],[-7.89246,40.36062],[-7.89252,40.36034],[-7.89226,40.36025],[-7.89093,40.36044],[-7.88979,40.36032],[-7.88899,40.35996],[-7.88878,40.35961],[-7.88837,40.35946],[-7.88668,40.35959],[-7.88619,40.35904],[-7.88568,40.35886],[-7.88481,40.35754],[-7.88434,40.35719],[-7.88453,40.35637],[-7.88474,40.35619],[-7.88506,40.35609],[-7.88582,40.35602],[-7.88608,40.35583],[-7.88633,40.35537],[-7.88612,40.35536],[-7.88573,40.35507],[-7.88552,40.35459],[-7.88582,40.35382],[-7.8857,40.35378],[-7.88685,40.35259],[-7.88675,40.35248],[-7.88469,40.35249],[-7.8841,40.35266],[-7.88327,40.35247],[-7.88188,40.35241],[-7.88162,40.35271],[-7.88078,40.35272],[-7.87938,40.35259],[-7.87865,40.35232],[-7.87706,40.35224],[-7.87634,40.35226],[-7.87585,40.35244],[-7.87453,40.35237],[-7.87323,40.35258],[-7.87235,40.35253],[-7.8719,40.35241],[-7.87135,40.3525],[-7.87105,40.35243],[-7.87093,40.35207],[-7.8711,40.35166],[-7.87111,40.35121],[-7.87058,40.35058],[-7.87018,40.35033],[-7.8701,40.35009]],[[-7.8699,40.34987],[-7.86898,40.34924],[-7.86861,40.3491],[-7.86642,40.34886],[-7.86544,40.34838],[-7.86449,40.34757],[-7.86279,40.3469],[-7.86187,40.34675],[-7.86076,40.34628],[-7.85994,40.34644],[-7.85968,40.34658],[-7.85942,40.34676],[-7.85936,40.34721],[-7.85827,40.34754],[-7.85788,40.34783],[-7.85753,40.34775],[-7.85686,40.3479],[-7.85614,40.34822],[-7.8553,40.34823],[-7.85518,40.34862],[-7.85552,40.34914],[-7.85575,40.34984],[-7.85629,40.35064],[-7.85717,40.35114],[-7.8577,40.35173],[-7.85793,40.35209],[-7.85863,40.35391],[-7.85844,40.35475],[-7.85779,40.35554],[-7.85758,40.35628],[-7.85857,40.35668],[-7.85888,40.35768],[-7.85932,40.35769],[-7.86016,40.35815],[-7.86087,40.35828],[-7.86151,40.35856],[-7.86253,40.35874],[-7.86275,40.35871],[-7.86288,40.35892],[-7.86282,40.35909],[-7.86224,40.35928],[-7.86214,40.35942]],[[-7.86208,40.35903],[-7.86205,40.35956],[-7.86172,40.3597],[-7.86191,40.36004],[-7.86171,40.3603],[-7.86201,40.36056],[-7.86194,40.36082],[-7.8621,40.36097],[-7.8619,40.36126],[-7.86221,40.36144],[-7.86223,40.36172],[-7.86253,40.36207]],[[-7.86219,40.36221],[-7.86426,40.36215],[-7.86458,40.36221],[-7.86402,40.36337],[-7.86427,40.36407],[-7.8645,40.36435]],[[-7.86461,40.36441],[-7.86586,40.36407],[-7.86676,40.36401],[-7.86817,40.36407],[-7.86952,40.36375],[-7.86995,40.36375],[-7.87046,40.36363],[-7.87147,40.36306],[-7.87156,40.36293],[-7.87129,40.36228],[-7.87093,40.36196],[-7.87072,40.36146],[-7.87066,40.36096],[-7.8719,40.36072],[-7.87242,40.36023],[-7.87306,40.36005],[-7.87323,40.36007],[-7.87337,40.3607],[-7.8737,40.36074],[-7.874,40.36088],[-7.87595,40.36029],[-7.87701,40.36033],[-7.8766,40.36133],[-7.87619,40.36163],[-7.87564,40.36222],[-7.87558,40.36275],[-7.87494,40.36387],[-7.87442,40.36451],[-7.87426,40.36577],[-7.87397,40.3665],[-7.87495,40.36719],[-7.8753,40.36711],[-7.87572,40.36735],[-7.87925,40.36704],[-7.88031,40.36648]],[[-7.88059,40.36641],[-7.88114,40.36619],[-7.88175,40.36608],[-7.88376,40.36599],[-7.88573,40.36548],[-7.8881,40.36501],[-7.88953,40.36492],[-7.88909,40.3653],[-7.88771,40.36708],[-7.88737,40.36778],[-7.88729,40.36886],[-7.88704,40.36974],[-7.88745,40.37069],[-7.88805,40.37076],[-7.88905,40.3711],[-7.88952,40.37108],[-7.88973,40.3714],[-7.8907,40.37149],[-7.8915,40.37195],[-7.89288,40.37204],[-7.89309,40.37192],[-7.89374,40.37201],[-7.89423,40.3723],[-7.89504,40.3726],[-7.89558,40.37271],[-7.89628,40.37272],[-7.89644,40.37245],[-7.89616,40.37215],[-7.89642,40.37192],[-7.89641,40.37168],[-7.89677,40.37156],[-7.89697,40.37121],[-7.89715,40.37116],[-7.89709,40.37097],[-7.89808,40.37072],[-7.89921,40.37062],[-7.89924,40.3699],[-7.89899,40.36961],[-7.89846,40.36939],[-7.8968,40.36901],[-7.89604,40.36898],[-7.89482,40.36834],[-7.89327,40.36801],[-7.8933,40.36778],[-7.89415,40.36714],[-7.89452,40.36647],[-7.89508,40.36602],[-7.89513,40.36576],[-7.89494,40.36487],[-7.89513,40.3644],[-7.89538,40.36415],[-7.8945,40.36378],[-7.89467,40.36357]]]}},{"type":"Feature","properties":{"id":"rio-de-mel-lower-lavada-trail","tipo":"outro","ficha":0,"codigo":""},"geometry":{"type":"LineString","coordinates":[[-7.77856,40.32066],[-7.77846,40.32062],[-7.77857,40.32081],[-7.77856,40.32095],[-7.77845,40.32099],[-7.77853,40.32144],[-7.77916,40.32232],[-7.77862,40.32248],[-7.77838,40.32265],[-7.77835,40.32302],[-7.77789,40.32344],[-7.77714,40.32359],[-7.77682,40.32387],[-7.77757,40.32409],[-7.77765,40.32437],[-7.77808,40.32486],[-7.77798,40.32415],[-7.7785,40.32386],[-7.77918,40.32322],[-7.77959,40.32313],[-7.78059,40.32256],[-7.78053,40.32205],[-7.7799,40.32166],[-7.78021,40.32138],[-7.78003,40.32131],[-7.77931,40.32131],[-7.7791,40.32081],[-7.77856,40.32066]]}},{"type":"Feature","properties":{"id":"rio-de-mel-to-sao-giao","tipo":"outro","ficha":0,"codigo":""},"geometry":{"type":"MultiLineString","coordinates":[[[-7.7993,40.33672],[-7.79801,40.33721],[-7.79741,40.33694],[-7.79703,40.33694],[-7.79655,40.33672],[-7.79653,40.33662],[-7.79595,40.33634],[-7.79528,40.33568],[-7.79444,40.33567],[-7.79348,40.33532],[-7.79283,40.33595],[-7.79249,40.33604],[-7.79229,40.33598],[-7.79217,40.33584],[-7.7922,40.33537],[-7.79208,40.33499],[-7.7918,40.33515],[-7.79158,40.33499],[-7.79151,40.33448],[-7.79188,40.33394],[-7.79183,40.33362],[-7.7915,40.33346],[-7.79148,40.33313],[-7.79122,40.33328],[-7.79075,40.33337],[-7.79008,40.33393],[-7.79013,40.33317],[-7.79105,40.33253],[-7.79118,40.33221],[-7.79178,40.33154],[-7.7913,40.33089],[-7.79142,40.33054],[-7.79142,40.32985],[-7.79085,40.32952],[-7.79027,40.32957],[-7.7899,40.32978],[-7.78971,40.33009],[-7.78979,40.33048],[-7.78954,40.33156],[-7.78916,40.33194],[-7.78703,40.33303],[-7.78631,40.33312],[-7.78558,40.33306],[-7.78418,40.33343]],[[-7.78607,40.33166],[-7.7858,40.33162],[-7.78424,40.33257],[-7.78343,40.33287],[-7.78343,40.33297],[-7.78418,40.33343],[-7.78307,40.33396],[-7.78244,40.33442],[-7.78157,40.33321],[-7.78149,40.33229],[-7.78164,40.33197],[-7.78157,40.33134],[-7.78138,40.33101],[-7.78119,40.33013],[-7.78113,40.33074],[-7.78102,40.33105],[-7.78089,40.3311],[-7.78055,40.33079],[-7.7794,40.33014],[-7.77964,40.32998],[-7.77959,40.32986],[-7.77984,40.32987],[-7.77996,40.32969],[-7.77976,40.32922],[-7.77995,40.32898],[-7.77997,40.32863],[-7.77981,40.32855],[-7.77981,40.32823],[-7.78021,40.3278],[-7.77964,40.32735],[-7.77947,40.32687],[-7.77961,40.3265],[-7.77905,40.32634],[-7.77863,40.32598],[-7.77844,40.32556],[-7.77838,40.32498],[-7.77798,40.3243],[-7.77798,40.32415],[-7.7785,40.32386],[-7.77918,40.32322],[-7.77959,40.32313],[-7.78059,40.32256],[-7.78053,40.32205],[-7.7799,40.32166],[-7.78021,40.32138],[-7.78003,40.32131],[-7.77929,40.3213],[-7.7792,40.32092]]]}},{"type":"Feature","properties":{"id":"rio-de-mel-upper-lavada-trail","tipo":"outro","ficha":0,"codigo":""},"geometry":{"type":"LineString","coordinates":[[-7.77856,40.32066],[-7.77846,40.32062],[-7.77857,40.32081],[-7.7785,40.321],[-7.77783,40.32079],[-7.77728,40.3208],[-7.77704,40.32132],[-7.77738,40.32155],[-7.77747,40.322],[-7.77705,40.32279],[-7.77601,40.32353],[-7.77569,40.32405],[-7.77405,40.32423],[-7.77393,40.32431],[-7.77395,40.32445],[-7.77411,40.32449],[-7.77423,40.32439],[-7.77415,40.32437],[-7.77433,40.32431],[-7.77481,40.32466],[-7.77516,40.32469],[-7.77519,40.32449],[-7.77594,40.3248],[-7.77656,40.32468],[-7.77684,40.32436],[-7.77697,40.32441],[-7.7772,40.32427],[-7.77741,40.32437],[-7.77763,40.32433],[-7.77808,40.32486],[-7.77798,40.32415],[-7.7785,40.32386],[-7.77918,40.32322],[-7.77959,40.32313],[-7.78059,40.32256],[-7.78053,40.32205],[-7.7799,40.32166],[-7.78021,40.32138],[-7.78003,40.32131],[-7.77931,40.32131],[-7.7791,40.32081],[-7.77856,40.32066]]}},{"type":"Feature","properties":{"id":"sao-giao-cabeco-de-s-estevao-trail","tipo":"outro","ficha":0,"codigo":""},"geometry":{"type":"MultiLineString","coordinates":[[[-7.79085,40.32952],[-7.79114,40.32923],[-7.79158,40.32924],[-7.79193,40.32943],[-7.7923,40.32993],[-7.79278,40.33095],[-7.79306,40.33123],[-7.79303,40.3314],[-7.79327,40.33155],[-7.79281,40.33184],[-7.7927,40.33208],[-7.79276,40.33234],[-7.79295,40.33231],[-7.79319,40.3321],[-7.79348,40.33208],[-7.79369,40.33217],[-7.79472,40.33228],[-7.795,40.33242],[-7.7953,40.3329],[-7.79601,40.33299],[-7.79667,40.3339],[-7.79664,40.33408],[-7.79634,40.33425],[-7.7969,40.3346],[-7.79697,40.33545],[-7.7977,40.33606],[-7.79766,40.33616],[-7.79784,40.33629],[-7.79784,40.33646],[-7.79876,40.33651],[-7.7993,40.33672],[-7.79922,40.33678],[-7.79801,40.33721],[-7.79741,40.33694],[-7.79703,40.33694],[-7.79655,40.33672],[-7.79653,40.33662],[-7.79595,40.33634],[-7.79528,40.33568],[-7.79444,40.33567],[-7.79348,40.33532],[-7.79276,40.33599],[-7.79243,40.33604],[-7.79224,40.33594],[-7.79208,40.33499],[-7.7918,40.33515],[-7.79158,40.33499],[-7.79151,40.33448],[-7.79188,40.33394],[-7.79183,40.33362],[-7.7915,40.33346],[-7.79148,40.33313],[-7.79122,40.33328],[-7.79075,40.33337],[-7.79008,40.33393],[-7.79013,40.33317],[-7.79105,40.33253],[-7.79118,40.33221],[-7.79178,40.33154],[-7.7913,40.33089],[-7.79142,40.33054],[-7.79142,40.32985],[-7.79085,40.32952],[-7.79002,40.32965],[-7.78978,40.32994],[-7.78972,40.33092],[-7.78939,40.33178],[-7.78779,40.33269],[-7.78703,40.33303],[-7.78631,40.33312],[-7.78558,40.33306],[-7.78418,40.33343],[-7.78341,40.33295],[-7.78343,40.33287],[-7.78424,40.33257],[-7.7858,40.33162],[-7.78607,40.33166]],[[-7.78525,40.3319],[-7.78517,40.33109],[-7.7847,40.33035],[-7.78484,40.32985],[-7.78495,40.32976],[-7.78588,40.32951],[-7.78798,40.33037],[-7.78974,40.33036]]]}},{"type":"Feature","properties":{"id":"pr6-pps-caminho-de-xisto-de-porto-das-vacas","tipo":"PR","ficha":0,"codigo":"PR6 PPS"},"geometry":{"type":"LineString","coordinates":[[-7.78565,40.08294],[-7.78488,40.08306],[-7.78445,40.0833],[-7.78439,40.08346],[-7.78472,40.08382],[-7.78433,40.08392],[-7.7843,40.08429],[-7.78355,40.08473],[-7.78369,40.0855],[-7.78362,40.08574],[-7.78257,40.08624],[-7.78203,40.08624],[-7.78192,40.0863],[-7.78208,40.0865],[-7.78215,40.08693],[-7.78206,40.08729],[-7.78191,40.08752],[-7.78122,40.08794],[-7.78127,40.08804],[-7.78111,40.08845],[-7.78069,40.08866],[-7.78117,40.08884],[-7.78141,40.08915],[-7.78092,40.08891],[-7.78031,40.08882],[-7.78025,40.08877],[-7.78066,40.08835],[-7.78066,40.08819],[-7.77991,40.08752],[-7.77994,40.08739],[-7.78069,40.08718],[-7.78082,40.08698],[-7.78092,40.08632],[-7.78064,40.08594],[-7.78028,40.08568],[-7.78117,40.08511],[-7.78151,40.08439],[-7.78151,40.08419],[-7.78083,40.08416],[-7.78073,40.08409],[-7.78067,40.08356],[-7.78028,40.08283],[-7.77927,40.08216],[-7.7797,40.08192],[-7.77914,40.08197],[-7.77862,40.08221],[-7.77837,40.08206],[-7.7781,40.08203],[-7.77781,40.08225],[-7.77753,40.08121],[-7.77786,40.08057],[-7.77841,40.08004],[-7.77833,40.0794],[-7.77849,40.07893],[-7.77847,40.07862],[-7.77867,40.07835],[-7.77866,40.07792],[-7.77927,40.07733],[-7.77922,40.07691],[-7.77945,40.07652],[-7.77889,40.07621],[-7.77884,40.07599],[-7.77896,40.07574],[-7.77877,40.07567],[-7.77816,40.07568],[-7.77796,40.07551],[-7.77785,40.07528],[-7.77793,40.0751],[-7.77755,40.0751],[-7.77652,40.07463],[-7.7758,40.07455],[-7.77563,40.07428],[-7.77537,40.0745],[-7.77458,40.07459],[-7.77371,40.07504],[-7.77318,40.0749],[-7.77295,40.07466],[-7.77293,40.07431],[-7.77305,40.07398],[-7.77397,40.07307],[-7.77517,40.07216],[-7.77703,40.07021],[-7.77711,40.06988],[-7.77766,40.06913],[-7.77787,40.06864],[-7.77856,40.06898],[-7.77986,40.06991],[-7.78052,40.07028],[-7.78098,40.07042],[-7.78108,40.0707],[-7.78142,40.07076],[-7.78235,40.0713],[-7.78286,40.07129],[-7.78376,40.07199],[-7.78504,40.07343],[-7.78518,40.07389],[-7.78508,40.07439],[-7.78515,40.07477],[-7.78589,40.07541],[-7.78624,40.07612],[-7.78759,40.07787],[-7.78805,40.07817],[-7.78838,40.07858],[-7.78893,40.0789],[-7.78922,40.07944],[-7.78974,40.07996],[-7.79025,40.08099],[-7.7904,40.08175],[-7.79021,40.08255],[-7.78985,40.0828],[-7.78942,40.08282],[-7.78866,40.08307],[-7.78731,40.08373],[-7.78719,40.08372],[-7.78687,40.08339],[-7.78695,40.08312],[-7.78686,40.08306]]}},{"type":"Feature","properties":{"id":"pr3-pps-caminho-do-xisto-da-barragem-de-santa-luzia","tipo":"PR","ficha":0,"codigo":"PR3 PPS"},"geometry":{"type":"MultiLineString","coordinates":[[[-7.86845,40.11207],[-7.86888,40.11185],[-7.86895,40.11167],[-7.86876,40.11149],[-7.86754,40.11112],[-7.86734,40.11096],[-7.86718,40.11056],[-7.86734,40.11006],[-7.8672,40.10915],[-7.86701,40.10903],[-7.86652,40.10901],[-7.86604,40.1088],[-7.86577,40.10849],[-7.86569,40.10797],[-7.86504,40.10766],[-7.86459,40.10721],[-7.86445,40.1069],[-7.86455,40.10667],[-7.86506,40.10652],[-7.86528,40.10634],[-7.8647,40.10574],[-7.86482,40.10528],[-7.86543,40.10497],[-7.86525,40.10475],[-7.86528,40.10406],[-7.86553,40.10372],[-7.86602,40.10366],[-7.86632,40.10332],[-7.86602,40.10366],[-7.86553,40.10372],[-7.86528,40.10406],[-7.86525,40.10475],[-7.86543,40.10497],[-7.86482,40.10528],[-7.8647,40.10574],[-7.86528,40.10634],[-7.86506,40.10652],[-7.86455,40.10667],[-7.86445,40.1069],[-7.86459,40.10721],[-7.86504,40.10766],[-7.86569,40.10797],[-7.86577,40.10849],[-7.86604,40.1088],[-7.86652,40.10901],[-7.86701,40.10903],[-7.8672,40.10915],[-7.86734,40.11006],[-7.86718,40.11056],[-7.86734,40.11096],[-7.86754,40.11112],[-7.86803,40.11122],[-7.86892,40.11159],[-7.86888,40.11185],[-7.86845,40.11207],[-7.86777,40.11215],[-7.8673,40.11232],[-7.86626,40.11228],[-7.86648,40.11284],[-7.8671,40.11376],[-7.86716,40.11416],[-7.86733,40.11442],[-7.86878,40.11543],[-7.86883,40.11561]],[[-7.86887,40.11559],[-7.86917,40.11632],[-7.86944,40.11667],[-7.86959,40.11671],[-7.86961,40.11662],[-7.86984,40.11699],[-7.87059,40.11771],[-7.87067,40.11795],[-7.87166,40.11862],[-7.87177,40.11858],[-7.87152,40.11753],[-7.87122,40.11686],[-7.87131,40.11634],[-7.87155,40.11663],[-7.87297,40.11737],[-7.87337,40.11748],[-7.87352,40.11739],[-7.87329,40.11703],[-7.87305,40.11628],[-7.87322,40.11583],[-7.87302,40.11547],[-7.87298,40.11478],[-7.87256,40.11409],[-7.87212,40.11373],[-7.87265,40.11368],[-7.8727,40.11291],[-7.87257,40.11221],[-7.87294,40.11162],[-7.8732,40.11163],[-7.87328,40.11141],[-7.87317,40.11121],[-7.87314,40.10999],[-7.87286,40.10936],[-7.87215,40.10897],[-7.87176,40.10886],[-7.87186,40.10881],[-7.87171,40.10864],[-7.8706,40.1081],[-7.86805,40.10564],[-7.86725,40.1042],[-7.86606,40.10304],[-7.86612,40.10262],[-7.86599,40.10216],[-7.86543,40.10099],[-7.8656,40.10084],[-7.86516,40.10052]],[[-7.85801,40.09258],[-7.85809,40.09302],[-7.85869,40.09399],[-7.85949,40.09465],[-7.86005,40.09528],[-7.85999,40.09563],[-7.86014,40.09593],[-7.86074,40.09629],[-7.86085,40.09664],[-7.86105,40.09686],[-7.86154,40.09715],[-7.86159,40.09742],[-7.86175,40.09757],[-7.86218,40.09776],[-7.86268,40.09825],[-7.86362,40.09882],[-7.86516,40.10052],[-7.86475,40.09976],[-7.86408,40.09894],[-7.86398,40.09857],[-7.86286,40.09775],[-7.86165,40.09649],[-7.86086,40.09517],[-7.86068,40.0946],[-7.86013,40.09406],[-7.85903,40.09336],[-7.85854,40.09287],[-7.85842,40.09249],[-7.85934,40.09097],[-7.85879,40.08998],[-7.85838,40.08996],[-7.85812,40.08983],[-7.85797,40.08957],[-7.85798,40.08936],[-7.85769,40.08924],[-7.85767,40.08896],[-7.85637,40.0894],[-7.85586,40.08938],[-7.85516,40.08965],[-7.85422,40.08955],[-7.85354,40.08958]]]}},{"type":"Feature","properties":{"id":"gr33-grande-rota-do-zezere","tipo":"GR","ficha":0,"codigo":"GR33"},"geometry":{"type":"MultiLineString","coordinates":[[[-7.73279,40.10633],[-7.73306,40.10597],[-7.73302,40.10572],[-7.73325,40.10526],[-7.73375,40.10498],[-7.73427,40.10487],[-7.73456,40.10492],[-7.73526,40.10526],[-7.73569,40.10569],[-7.73758,40.1054],[-7.73791,40.10551],[-7.73843,40.10527],[-7.73887,40.10521],[-7.74026,40.10469],[-7.74161,40.10402],[-7.74227,40.10383],[-7.74306,40.10329],[-7.74437,40.1026],[-7.74532,40.10241],[-7.74531,40.10201],[-7.74597,40.1019],[-7.74595,40.10169]],[[-7.80551,40.06547],[-7.80591,40.06534],[-7.80616,40.06581],[-7.80589,40.06504],[-7.80622,40.06516],[-7.80571,40.06464],[-7.80555,40.06412],[-7.80558,40.06383],[-7.80542,40.06346],[-7.80482,40.06239],[-7.80427,40.06193],[-7.80416,40.06172],[-7.80413,40.06145],[-7.80427,40.06123],[-7.80421,40.06052],[-7.80471,40.05976],[-7.80578,40.05879],[-7.80608,40.05837],[-7.80641,40.05836],[-7.80699,40.05855],[-7.80731,40.05881],[-7.80745,40.0588],[-7.80739,40.05683],[-7.80747,40.05606],[-7.80868,40.05447],[-7.80903,40.05378],[-7.80997,40.05251],[-7.81052,40.05218],[-7.81113,40.05148],[-7.81139,40.05082],[-7.81164,40.05051],[-7.81159,40.04952],[-7.81109,40.04813],[-7.81005,40.04764],[-7.80796,40.04619],[-7.80742,40.04618],[-7.80692,40.04641],[-7.80531,40.04666],[-7.80555,40.04684],[-7.80516,40.04709],[-7.80482,40.04707],[-7.80468,40.04726],[-7.80455,40.0472],[-7.80448,40.04761],[-7.80403,40.04761],[-7.80389,40.04774],[-7.80392,40.04785],[-7.80335,40.04809],[-7.80237,40.04816],[-7.80178,40.04798],[-7.80146,40.04773],[-7.80139,40.04725],[-7.80146,40.04681],[-7.8016,40.04681],[-7.80166,40.04616],[-7.8021,40.04619],[-7.8023,40.04594],[-7.80263,40.04588],[-7.80309,40.04597],[-7.8044,40.04585],[-7.80474,40.04592],[-7.80467,40.0453],[-7.80534,40.0442],[-7.80604,40.04368],[-7.80693,40.04335],[-7.80729,40.04297],[-7.80783,40.04263],[-7.80784,40.04231],[-7.80855,40.04194],[-7.8094,40.04239],[-7.80943,40.04209],[-7.80968,40.04172],[-7.81042,40.04191],[-7.81049,40.04205],[-7.81061,40.04143],[-7.81056,40.04078],[-7.81031,40.04017],[-7.81028,40.03965],[-7.8098,40.03808],[-7.80904,40.03632],[-7.80911,40.03619]]]}},{"type":"Feature","properties":{"id":"gr49-grande-rota-do-bussaco","tipo":"GR","ficha":0,"codigo":"GR49"},"geometry":{"type":"MultiLineString","coordinates":[[[-8.2749,40.2703],[-8.27497,40.27055],[-8.27468,40.27053],[-8.27472,40.27072],[-8.27416,40.27041],[-8.27391,40.27112],[-8.27433,40.27261],[-8.27431,40.27348],[-8.27409,40.27382],[-8.27405,40.27426],[-8.27507,40.2746],[-8.27487,40.27508],[-8.275,40.27508],[-8.27515,40.27502],[-8.27539,40.27448],[-8.27553,40.27445],[-8.27553,40.27409],[-8.2758,40.27401],[-8.27629,40.27441],[-8.27618,40.27438],[-8.27601,40.27451],[-8.27576,40.27531],[-8.27628,40.27531],[-8.27684,40.27588],[-8.27714,40.27595],[-8.27734,40.27589],[-8.27748,40.27542],[-8.27772,40.27529],[-8.27827,40.27534],[-8.2792,40.27512],[-8.27935,40.27516],[-8.27927,40.27552],[-8.27873,40.27594],[-8.27856,40.27626],[-8.27981,40.27617],[-8.28023,40.27619],[-8.28045,40.27628],[-8.27972,40.27693],[-8.27944,40.27741],[-8.28084,40.27793],[-8.28108,40.27815],[-8.28112,40.27825],[-8.28082,40.27828],[-8.28052,40.27846],[-8.28025,40.27893],[-8.2803,40.27919],[-8.28053,40.2795],[-8.28019,40.27993],[-8.2803,40.28011],[-8.28028,40.28053],[-8.2805,40.28091],[-8.28101,40.28112],[-8.28175,40.28237],[-8.28203,40.28314],[-8.28182,40.28355],[-8.28137,40.28371],[-8.28102,40.28397],[-8.28125,40.28465],[-8.28119,40.28483],[-8.28034,40.28579],[-8.28023,40.28652],[-8.28086,40.28754],[-8.28094,40.2879],[-8.28142,40.28818],[-8.28184,40.28895],[-8.28201,40.28911],[-8.28532,40.29073],[-8.28614,40.29139],[-8.28664,40.29154],[-8.28814,40.29148],[-8.28867,40.29158],[-8.28998,40.29256],[-8.29024,40.29285],[-8.29101,40.29424],[-8.29109,40.29526],[-8.29227,40.29488],[-8.29252,40.29466],[-8.29313,40.29149],[-8.29309,40.29125],[-8.2928,40.29094],[-8.29318,40.29094],[-8.29334,40.29104],[-8.29362,40.29148],[-8.29393,40.29174],[-8.29422,40.29184],[-8.29465,40.29253],[-8.29507,40.29289],[-8.29563,40.29318],[-8.29586,40.29361],[-8.29631,40.29383],[-8.29661,40.29432],[-8.29813,40.29542],[-8.29857,40.29692],[-8.29898,40.29754],[-8.29927,40.29779],[-8.30008,40.29795],[-8.30054,40.29836],[-8.30053,40.29864],[-8.3001,40.29888],[-8.29986,40.29918],[-8.29983,40.29992],[-8.30004,40.3003],[-8.30063,40.30069],[-8.30104,40.30069],[-8.30179,40.30042],[-8.30199,40.30061],[-8.30228,40.30134],[-8.30278,40.30199],[-8.30295,40.30258],[-8.30291,40.3027],[-8.30231,40.30294],[-8.30153,40.30388],[-8.3015,40.3042],[-8.30348,40.30485],[-8.30469,40.30511],[-8.30522,40.30645],[-8.30559,40.30679],[-8.30822,40.3077]],[[-8.30576,40.30372],[-8.30598,40.30359],[-8.30608,40.3031],[-8.30608,40.30255],[-8.306,40.30229],[-8.30587,40.30226],[-8.30613,40.3022],[-8.3069,40.30262],[-8.30757,40.30327],[-8.30843,40.30441],[-8.3085,40.30487],[-8.30822,40.3077],[-8.30995,40.30828],[-8.31071,40.30874],[-8.31131,40.30941],[-8.31177,40.3102],[-8.31286,40.31147],[-8.31338,40.31228],[-8.31504,40.31379],[-8.31643,40.31552],[-8.31942,40.31765],[-8.32077,40.31873],[-8.32179,40.32039],[-8.32265,40.32135],[-8.32307,40.32197],[-8.3241,40.32306],[-8.3255,40.32429],[-8.32663,40.32569],[-8.3285,40.32756],[-8.33059,40.33089],[-8.33162,40.33187],[-8.33229,40.3327],[-8.33281,40.3339],[-8.33476,40.33437],[-8.33531,40.33488],[-8.33544,40.33526],[-8.33554,40.33664],[-8.33633,40.3382],[-8.33647,40.33903],[-8.33733,40.34028],[-8.33903,40.3416],[-8.33929,40.34194],[-8.33926,40.3427],[-8.33881,40.34275],[-8.33932,40.34337],[-8.33993,40.34497],[-8.3401,40.34503],[-8.34104,40.34637],[-8.34199,40.34721],[-8.34221,40.34727],[-8.34375,40.3487],[-8.34445,40.35091],[-8.34586,40.35186],[-8.347,40.35202],[-8.34811,40.35253],[-8.34839,40.35275]],[[-8.34632,40.35063],[-8.34667,40.35077],[-8.3473,40.35124],[-8.3477,40.35201],[-8.34843,40.35262],[-8.34815,40.35355],[-8.34856,40.35417],[-8.34856,40.35466],[-8.34816,40.35541],[-8.34817,40.35564],[-8.34835,40.35584],[-8.34919,40.35635],[-8.35014,40.35649],[-8.35068,40.35674],[-8.35127,40.35777],[-8.35116,40.35676],[-8.35068,40.35594],[-8.35077,40.35572],[-8.35108,40.35565],[-8.35228,40.35584],[-8.35271,40.35626],[-8.35353,40.35938],[-8.35382,40.35994],[-8.35405,40.36037],[-8.35501,40.36091],[-8.35586,40.36217],[-8.35601,40.36313],[-8.35552,40.36447],[-8.35554,40.36476],[-8.35605,40.36568],[-8.35992,40.36768],[-8.36119,40.36897],[-8.3621,40.36928],[-8.36208,40.3695]],[[-8.36574,40.37103],[-8.36439,40.37049],[-8.36254,40.36993],[-8.36222,40.36978],[-8.3621,40.36959],[-8.36132,40.36968],[-8.3609,40.36982],[-8.36025,40.36974],[-8.36,40.36987],[-8.35996,40.37003],[-8.36027,40.37053],[-8.36021,40.37101],[-8.35993,40.37148],[-8.35943,40.37174],[-8.35962,40.37215],[-8.35938,40.37293],[-8.35971,40.37334],[-8.35971,40.37355],[-8.35912,40.37422],[-8.359,40.37476],[-8.3588,40.37475],[-8.3586,40.37577],[-8.35842,40.37586],[-8.35823,40.37577],[-8.35801,40.37579],[-8.3579,40.37592],[-8.3588,40.37665],[-8.3596,40.37764],[-8.35951,40.37867]],[[-8.34604,40.37221],[-8.34632,40.37229],[-8.34736,40.37224],[-8.34783,40.37243],[-8.34829,40.37239],[-8.34956,40.37194],[-8.34983,40.37214],[-8.3503,40.37295],[-8.35153,40.37285],[-8.35169,40.3729],[-8.35176,40.37351],[-8.35199,40.37389],[-8.35255,40.37424],[-8.35313,40.37426],[-8.35355,40.37441],[-8.35433,40.37488],[-8.35437,40.375],[-8.35424,40.37522],[-8.35366,40.37523],[-8.35303,40.37539],[-8.35229,40.37585],[-8.35217,40.37676],[-8.35208,40.37687],[-8.35101,40.37722],[-8.35115,40.37743],[-8.35154,40.37761],[-8.35187,40.37757],[-8.35298,40.37695],[-8.35327,40.37627],[-8.3535,40.3762],[-8.35402,40.37624],[-8.35414,40.3764],[-8.35414,40.37674],[-8.35463,40.37683],[-8.35435,40.37715],[-8.35424,40.37774],[-8.35498,40.3781],[-8.35505,40.37802],[-8.3554,40.3781],[-8.35737,40.37814],[-8.35747,40.37802],[-8.35796,40.378],[-8.3585,40.37785],[-8.35897,40.37808],[-8.35928,40.3786],[-8.35963,40.37866],[-8.36031,40.37797],[-8.36123,40.37787],[-8.36105,40.37641],[-8.36114,40.37592],[-8.36135,40.37564],[-8.3616,40.37555],[-8.36211,40.37556],[-8.36248,40.37589],[-8.36339,40.37596],[-8.364,40.37615],[-8.36414,40.37612],[-8.36482,40.37499],[-8.36499,40.37488],[-8.36523,40.37488],[-8.36566,40.37514],[-8.36591,40.37606],[-8.36627,40.37633],[-8.366,40.37668],[-8.36592,40.37708],[-8.36555,40.37734],[-8.36503,40.37742],[-8.36395,40.37714],[-8.36314,40.37703],[-8.36297,40.37717],[-8.36305,40.37743],[-8.36326,40.37732],[-8.36476,40.37805],[-8.36691,40.37847],[-8.36742,40.37809],[-8.36773,40.37805],[-8.36788,40.37827],[-8.3688,40.37854],[-8.36963,40.37894],[-8.37105,40.37919],[-8.37101,40.37941],[-8.37176,40.37972],[-8.37198,40.37993],[-8.37361,40.37979],[-8.3746,40.38009],[-8.37473,40.38003],[-8.37494,40.37953],[-8.37527,40.3791],[-8.37551,40.37885],[-8.3757,40.3788],[-8.37575,40.37893],[-8.37533,40.37948],[-8.37532,40.37975],[-8.3761,40.3806],[-8.37627,40.38064],[-8.37639,40.38051],[-8.37599,40.38012],[-8.37587,40.37982],[-8.376,40.37968],[-8.37623,40.37969],[-8.37618,40.37999],[-8.37686,40.38047],[-8.37692,40.38074],[-8.37606,40.38219],[-8.37441,40.38181],[-8.37414,40.38181],[-8.37574,40.38298],[-8.37591,40.38326],[-8.37771,40.38477],[-8.37822,40.38499],[-8.37859,40.38498],[-8.37898,40.38472],[-8.37924,40.38473],[-8.37938,40.38459],[-8.37955,40.38468],[-8.37999,40.3853],[-8.382,40.38561],[-8.38244,40.38551],[-8.38276,40.38568],[-8.38469,40.38477],[-8.38545,40.3849],[-8.38633,40.38543],[-8.38644,40.38568],[-8.38634,40.38593],[-8.3877,40.38615],[-8.38819,40.38606],[-8.38947,40.38544],[-8.39063,40.38518],[-8.39097,40.38498],[-8.39145,40.38484],[-8.39167,40.38463],[-8.39212,40.3847],[-8.39229,40.38435],[-8.39256,40.38412],[-8.39301,40.38393],[-8.3933,40.38347],[-8.39365,40.38337],[-8.3939,40.38298],[-8.39391,40.38271],[-8.39364,40.3826],[-8.39336,40.38218],[-8.39372,40.38167],[-8.39477,40.38083],[-8.39584,40.38031],[-8.39638,40.37981],[-8.3968,40.37964],[-8.39774,40.3796],[-8.39813,40.37967],[-8.39935,40.38016],[-8.40015,40.38069],[-8.40151,40.38113],[-8.40283,40.3809],[-8.40574,40.38109],[-8.40701,40.38104],[-8.40766,40.38111],[-8.4083,40.38102],[-8.40843,40.38067],[-8.40863,40.38051],[-8.40912,40.3804],[-8.40975,40.37984],[-8.41038,40.37968],[-8.41114,40.37859],[-8.41192,40.37841],[-8.41244,40.37798],[-8.41289,40.37684],[-8.41442,40.37551],[-8.41477,40.37397],[-8.41614,40.37485],[-8.41704,40.3745],[-8.41754,40.37421],[-8.41827,40.37308],[-8.41917,40.37213],[-8.41978,40.37177],[-8.42043,40.37174],[-8.42114,40.37121],[-8.42194,40.37108],[-8.4225,40.37078],[-8.42282,40.37072],[-8.42448,40.37097],[-8.42518,40.37088],[-8.42578,40.37092],[-8.42676,40.37122],[-8.42789,40.3712],[-8.42852,40.37129],[-8.42982,40.37167],[-8.42993,40.37175],[-8.42967,40.37245],[-8.43044,40.37281],[-8.43136,40.37286],[-8.43204,40.37323],[-8.43219,40.37372],[-8.43309,40.37515],[-8.43263,40.37531],[-8.43254,40.37597],[-8.43276,40.37828],[-8.43395,40.37875],[-8.43506,40.37867],[-8.43749,40.3782],[-8.4385,40.3784],[-8.43885,40.37836],[-8.43955,40.37847],[-8.44016,40.37864],[-8.44096,40.37917],[-8.44208,40.37938],[-8.44259,40.3806],[-8.44218,40.38186],[-8.44226,40.38279],[-8.44239,40.38307],[-8.44498,40.38283],[-8.44514,40.38318],[-8.44526,40.38316],[-8.4454,40.3829],[-8.44566,40.38281],[-8.44747,40.38484],[-8.44784,40.3847],[-8.44834,40.38475],[-8.44871,40.38497],[-8.44886,40.3852],[-8.45029,40.38499]],[[-8.34525,40.37196],[-8.34575,40.37192],[-8.34584,40.37208],[-8.34613,40.37218],[-8.34514,40.37254],[-8.34472,40.37249],[-8.34415,40.37171],[-8.3441,40.37139],[-8.34437,40.37128],[-8.34337,40.37065],[-8.34322,40.37069],[-8.34323,40.37095],[-8.34295,40.37053],[-8.34296,40.37014],[-8.34206,40.36966],[-8.34185,40.36926],[-8.34145,40.36891],[-8.34134,40.3686],[-8.34074,40.36819],[-8.34034,40.3677],[-8.34032,40.36713],[-8.33997,40.36621],[-8.3395,40.36568],[-8.33936,40.36536],[-8.33915,40.36522],[-8.33876,40.36526],[-8.3381,40.36456],[-8.33771,40.36449],[-8.33762,40.36407],[-8.33722,40.36355],[-8.33687,40.36335],[-8.33652,40.363],[-8.33587,40.36147],[-8.33533,40.36106],[-8.3348,40.36039],[-8.33452,40.36025],[-8.33457,40.35997],[-8.33444,40.35963],[-8.33412,40.3595],[-8.334,40.35921],[-8.33363,40.35884],[-8.33321,40.35861],[-8.33308,40.3583],[-8.33212,40.35789],[-8.332,40.35789],[-8.3318,40.35817],[-8.33159,40.35817],[-8.33147,40.35757],[-8.33013,40.35754],[-8.32905,40.35651],[-8.32915,40.35579],[-8.32883,40.35549],[-8.32829,40.35519],[-8.32705,40.35536],[-8.32612,40.35497],[-8.32538,40.35496],[-8.32534,40.35515],[-8.3257,40.3554],[-8.32589,40.3557],[-8.32588,40.35587],[-8.32547,40.3558],[-8.32517,40.35597],[-8.32396,40.35632],[-8.32381,40.35663],[-8.32345,40.35674],[-8.32279,40.35718],[-8.32195,40.35721],[-8.32099,40.35678],[-8.32049,40.35676],[-8.32016,40.35693],[-8.31998,40.35746],[-8.31929,40.35774],[-8.31892,40.3578],[-8.31817,40.35777],[-8.31773,40.35787],[-8.3172,40.35769],[-8.31631,40.35768],[-8.31608,40.35757]]]}},{"type":"Feature","properties":{"id":"pr2-pcv-na-rota-dos-moinhos-do-bucaco","tipo":"PR","ficha":0,"codigo":"PR2 PCV"},"geometry":{"type":"LineString","coordinates":[[-8.30804,40.30761],[-8.30771,40.3078],[-8.30658,40.30762],[-8.30572,40.30767],[-8.30463,40.30685],[-8.30429,40.30632],[-8.30407,40.30627],[-8.3038,40.30605],[-8.30348,40.30605],[-8.30186,40.30636],[-8.30164,40.30681],[-8.30186,40.30693],[-8.30153,40.30731],[-8.30133,40.30785],[-8.30037,40.30787],[-8.30017,40.30847],[-8.30039,40.30883],[-8.30017,40.30914],[-8.30021,40.30948],[-8.30045,40.30963],[-8.3002,40.30987],[-8.3004,40.31092],[-8.30013,40.3112],[-8.30018,40.31154],[-8.30095,40.31263],[-8.30102,40.31311],[-8.30156,40.31398],[-8.30237,40.31486],[-8.30246,40.31505],[-8.30243,40.31551],[-8.30265,40.31599],[-8.30228,40.3165],[-8.30226,40.31719],[-8.3024,40.3179],[-8.30217,40.31852],[-8.30142,40.31944],[-8.30147,40.32025],[-8.30137,40.32035],[-8.30026,40.3205],[-8.2996,40.32038],[-8.29911,40.32004],[-8.2989,40.32007],[-8.29887,40.32025],[-8.299,40.32051],[-8.2997,40.32109],[-8.29972,40.32154],[-8.30004,40.32202],[-8.30043,40.32189],[-8.30071,40.32193],[-8.30115,40.32227],[-8.30187,40.32253],[-8.30259,40.32295],[-8.30316,40.32307],[-8.30429,40.3236],[-8.30441,40.32385],[-8.30438,40.32449],[-8.30469,40.32499],[-8.30473,40.3253],[-8.305,40.32561],[-8.30494,40.32593],[-8.30527,40.32601],[-8.30545,40.32627],[-8.30623,40.32663],[-8.30677,40.32711],[-8.30696,40.32748],[-8.30733,40.32755],[-8.30815,40.32799],[-8.30848,40.32798],[-8.30873,40.32784],[-8.30906,40.32791],[-8.3093,40.32811],[-8.30941,40.32839],[-8.30963,40.32852],[-8.30998,40.32845],[-8.31021,40.32819],[-8.3106,40.32815],[-8.31081,40.32843],[-8.31067,40.3292],[-8.31145,40.3295],[-8.313,40.32955],[-8.31378,40.32941],[-8.31377,40.32934],[-8.31352,40.32936],[-8.31347,40.32923],[-8.31386,40.32903],[-8.31406,40.32795],[-8.31387,40.3277],[-8.31404,40.32769],[-8.31409,40.32759],[-8.3139,40.32736],[-8.31335,40.32708],[-8.31312,40.32648],[-8.31285,40.32639],[-8.31218,40.32588],[-8.31198,40.32516],[-8.3114,40.32471],[-8.31117,40.32391],[-8.31134,40.32341],[-8.31104,40.32286],[-8.31112,40.32247],[-8.31101,40.32197],[-8.31076,40.3219],[-8.31019,40.32207],[-8.30983,40.32198],[-8.30961,40.32178],[-8.31081,40.3211],[-8.31124,40.32011],[-8.31117,40.31996],[-8.31139,40.32009],[-8.31131,40.32041],[-8.31146,40.32064],[-8.31166,40.32063],[-8.31179,40.32043],[-8.31246,40.32068],[-8.31247,40.3203],[-8.31271,40.32014],[-8.31312,40.31943],[-8.31308,40.31916],[-8.31332,40.31915],[-8.31397,40.31988],[-8.31414,40.31991],[-8.31433,40.31971],[-8.31455,40.31897],[-8.31471,40.31899],[-8.31531,40.3195],[-8.31555,40.31955],[-8.31564,40.31905],[-8.3158,40.31903],[-8.31607,40.31926],[-8.31633,40.31876],[-8.31651,40.31873],[-8.31697,40.31887],[-8.31711,40.31872],[-8.31709,40.31847],[-8.31756,40.31852],[-8.31755,40.3182],[-8.31647,40.3172],[-8.31638,40.31702],[-8.31574,40.31694],[-8.31546,40.3168],[-8.31527,40.3166],[-8.31514,40.31607],[-8.31247,40.31287],[-8.3122,40.31287],[-8.31101,40.31218],[-8.31006,40.31104],[-8.30966,40.3108],[-8.30868,40.30991],[-8.30772,40.3088],[-8.30821,40.30786],[-8.30822,40.3077],[-8.30804,40.30761],[-8.30808,40.30711],[-8.30775,40.30674],[-8.30779,40.30646],[-8.30753,40.30594],[-8.30687,40.30574],[-8.30686,40.30562],[-8.30657,40.30552],[-8.3068,40.30543],[-8.30689,40.30514],[-8.30708,40.30505],[-8.30673,40.30474],[-8.30663,40.30478],[-8.30576,40.30372],[-8.30598,40.30359],[-8.30608,40.3031],[-8.30608,40.30255],[-8.306,40.30229],[-8.30587,40.30226]]}},{"type":"Feature","properties":{"id":"pr1-sre-rota-do-arroz","tipo":"PR","ficha":1,"codigo":"PR1 SRE"},"geometry":{"type":"MultiLineString","coordinates":[[[-8.64068,40.10755],[-8.64272,40.11808],[-8.64386,40.12096],[-8.64393,40.12143],[-8.64325,40.12197],[-8.64273,40.12224],[-8.64195,40.12224],[-8.6412,40.12251],[-8.64102,40.12211],[-8.6422,40.12155],[-8.64279,40.12141]],[[-8.64309,40.12152],[-8.64295,40.12135],[-8.64276,40.12145],[-8.6429,40.12164],[-8.6433,40.12145],[-8.64341,40.12096],[-8.64321,40.12063],[-8.64341,40.1207],[-8.64356,40.12088],[-8.64366,40.12157]],[[-8.64393,40.12143],[-8.64429,40.12274],[-8.6447,40.12367],[-8.64682,40.12691],[-8.64589,40.1275],[-8.64431,40.1303],[-8.64328,40.13154],[-8.64281,40.1324],[-8.64209,40.13416],[-8.64184,40.13498],[-8.64183,40.13554],[-8.64149,40.13657],[-8.64052,40.13712],[-8.63952,40.13711],[-8.63808,40.13724],[-8.63685,40.13745],[-8.63659,40.1377]]]}},{"type":"Feature","properties":{"id":"pr3-tbu-rotas-das-pontes","tipo":"PR","ficha":1,"codigo":"PR3 TBU"},"geometry":{"type":"MultiLineString","coordinates":[[[-7.97636,40.37522],[-7.97737,40.37457],[-7.97774,40.37443],[-7.97797,40.37399],[-7.97888,40.37366],[-7.9794,40.37303],[-7.97981,40.37286],[-7.9793,40.3726],[-7.97988,40.37237],[-7.98038,40.37242],[-7.98019,40.37183],[-7.98072,40.37168],[-7.98047,40.3711],[-7.98067,40.37069],[-7.98039,40.37047],[-7.98046,40.36977],[-7.98084,40.36939],[-7.9813,40.36923],[-7.98169,40.36924],[-7.98097,40.36874],[-7.97975,40.36917],[-7.97913,40.369],[-7.97854,40.36908],[-7.97835,40.36887],[-7.97831,40.36843],[-7.97758,40.36824],[-7.97736,40.3681],[-7.97749,40.3678],[-7.97741,40.36759],[-7.97712,40.36754],[-7.97697,40.36762],[-7.97669,40.36809],[-7.97658,40.36809],[-7.9764,40.36785],[-7.97613,40.36772],[-7.97658,40.36716],[-7.9766,40.3664],[-7.97649,40.3662],[-7.97656,40.3657],[-7.97692,40.36551],[-7.9775,40.36488],[-7.97755,40.36466],[-7.97739,40.36463],[-7.97703,40.36494],[-7.97658,40.36501],[-7.97611,40.36483],[-7.97529,40.36473],[-7.97516,40.36456],[-7.97513,40.36418],[-7.975,40.3641],[-7.9747,40.36414],[-7.97416,40.36444],[-7.97387,40.36448],[-7.97376,40.36441],[-7.97379,40.36417],[-7.97432,40.36349],[-7.97422,40.36336],[-7.97359,40.36375],[-7.97344,40.36351],[-7.97303,40.36335],[-7.9729,40.36309],[-7.97247,40.36298],[-7.97238,40.36272],[-7.97269,40.36225],[-7.9718,40.36182],[-7.97198,40.36148],[-7.97172,40.36118],[-7.9719,40.36115],[-7.97242,40.36064],[-7.97235,40.36026],[-7.9721,40.35994],[-7.97157,40.35956],[-7.97025,40.35936],[-7.96997,40.35909],[-7.9696,40.35898],[-7.96985,40.35885],[-7.96998,40.35852],[-7.96973,40.35837],[-7.9698,40.35831],[-7.97,40.35835],[-7.97049,40.35794],[-7.97094,40.35816],[-7.97168,40.35814],[-7.97221,40.35849],[-7.97262,40.3582],[-7.97309,40.35806],[-7.97337,40.35756],[-7.97424,40.35754],[-7.97489,40.35689],[-7.97585,40.35664],[-7.97641,40.35624],[-7.9763,40.35486],[-7.9761,40.35486],[-7.97553,40.35408],[-7.97506,40.35431],[-7.97497,40.35358],[-7.97478,40.35353],[-7.97381,40.35377],[-7.97371,40.354],[-7.97375,40.35447],[-7.97326,40.35537],[-7.97262,40.35532],[-7.97232,40.35562],[-7.9714,40.35599],[-7.9717,40.35613],[-7.97174,40.3566],[-7.97196,40.35699],[-7.9717,40.35737],[-7.97145,40.35749],[-7.9708,40.35757],[-7.97051,40.35741],[-7.9703,40.35748],[-7.97014,40.35779],[-7.97035,40.35794],[-7.9698,40.35787],[-7.96929,40.35762],[-7.9687,40.35783],[-7.96849,40.35768],[-7.9679,40.35751],[-7.9677,40.35755],[-7.96736,40.35697],[-7.9673,40.35685],[-7.96798,40.35609],[-7.96819,40.35546],[-7.96867,40.35517],[-7.96867,40.35498],[-7.96745,40.35514],[-7.96681,40.35509],[-7.96653,40.3557],[-7.9662,40.35578],[-7.96557,40.35644],[-7.96517,40.35657],[-7.96489,40.35654],[-7.9648,40.35641],[-7.96512,40.35612],[-7.96464,40.35598],[-7.96448,40.35578],[-7.96404,40.35582],[-7.96371,40.35567],[-7.96331,40.3552],[-7.96333,40.35458],[-7.96322,40.35421],[-7.96195,40.3531],[-7.96169,40.35271],[-7.96076,40.35323],[-7.95999,40.35353],[-7.95957,40.35392],[-7.95945,40.3543],[-7.9592,40.35453],[-7.95882,40.3547],[-7.95861,40.35494],[-7.95805,40.35514],[-7.95754,40.35523],[-7.95671,40.35498],[-7.95576,40.35519],[-7.9556,40.35507],[-7.95587,40.35475],[-7.9558,40.35461],[-7.95538,40.35455],[-7.9548,40.35473],[-7.9546,40.35461],[-7.95437,40.35464],[-7.95462,40.35525],[-7.95452,40.35532],[-7.9545,40.35556],[-7.95472,40.35602],[-7.95512,40.35652],[-7.95536,40.35663],[-7.95542,40.35688],[-7.95565,40.35707],[-7.95613,40.35719],[-7.95613,40.35743],[-7.95657,40.35761],[-7.957,40.35807],[-7.95702,40.35836],[-7.95683,40.35856],[-7.95684,40.35868],[-7.95744,40.35903],[-7.95742,40.35923],[-7.9576,40.35933],[-7.95759,40.3595],[-7.95689,40.36003],[-7.95598,40.36013],[-7.95591,40.36032],[-7.95626,40.36151],[-7.9565,40.36176],[-7.95765,40.36201],[-7.95805,40.36224],[-7.9587,40.36224]],[[-7.95867,40.36224],[-7.95885,40.36233],[-7.95992,40.36239],[-7.96137,40.36304],[-7.96064,40.36318],[-7.96037,40.36341],[-7.96005,40.36394],[-7.95971,40.3641],[-7.9591,40.36418],[-7.95848,40.36455],[-7.95839,40.36489],[-7.95791,40.36505],[-7.95724,40.36495],[-7.95663,40.3651],[-7.95653,40.36524],[-7.95686,40.36547],[-7.95727,40.36565],[-7.9576,40.36563],[-7.95771,40.36576],[-7.95764,40.36588],[-7.95677,40.36614],[-7.95653,40.3665],[-7.95572,40.36636],[-7.95447,40.36637],[-7.95397,40.36696],[-7.95386,40.36729],[-7.95341,40.3675],[-7.95255,40.36842],[-7.95259,40.36871],[-7.95277,40.36883],[-7.95305,40.36901],[-7.95347,40.36897],[-7.95376,40.36923]],[[-7.95383,40.3692],[-7.95397,40.36986],[-7.95387,40.36996],[-7.95346,40.37],[-7.95336,40.37028],[-7.95344,40.3704],[-7.95378,40.37038],[-7.95383,40.37062],[-7.95372,40.3707],[-7.95323,40.37068],[-7.95308,40.37076],[-7.95306,40.37121],[-7.95332,40.37132],[-7.9537,40.37133],[-7.95433,40.37084],[-7.95518,40.37123],[-7.95534,40.37142],[-7.95656,40.37172],[-7.95733,40.3718],[-7.95747,40.37189],[-7.95797,40.37176],[-7.95824,40.37181],[-7.95836,40.37169]],[[-7.95836,40.37165],[-7.95905,40.37192],[-7.95975,40.37252],[-7.96071,40.37225],[-7.96094,40.37234],[-7.96097,40.37256],[-7.96124,40.37251],[-7.9615,40.37267],[-7.96198,40.37278],[-7.96234,40.37307],[-7.96297,40.37334],[-7.9636,40.37384],[-7.96396,40.37388],[-7.96447,40.37421],[-7.96622,40.37436],[-7.96632,40.37462],[-7.96626,40.37499]],[[-7.9663,40.37503],[-7.96647,40.37514],[-7.96665,40.37508],[-7.96709,40.37475],[-7.96788,40.3745],[-7.96828,40.37459],[-7.96896,40.37501],[-7.96923,40.375],[-7.96987,40.37468],[-7.97117,40.37446],[-7.97294,40.37481],[-7.97401,40.37546],[-7.97487,40.37548],[-7.97592,40.37533],[-7.97637,40.37537]]]}}]}